brand,category,price
Under Armour,Women Sneakers & Athletic Shoes,$114.95
Under Armour,Women Sneakers & Athletic Shoes,$114.95
Nike,Women Sneakers & Athletic Shoes,$129.95
adidas Running,Women Sneakers & Athletic Shoes,$84.95
Nike,Women Sneakers & Athletic Shoes,$90.00
Under Armour,Women Sneakers & Athletic Shoes,$124.95
adidas Running,Women Sneakers & Athletic Shoes,$179.95
adidas Running,Women Sneakers & Athletic Shoes,$79.95
adidas Running,Women Sneakers & Athletic Shoes,$179.95
adidas Running,Women Sneakers & Athletic Shoes,$179.95
Nike,Women Sneakers & Athletic Shoes,$74.95
Under Armour,Women Sneakers & Athletic Shoes,$114.95
adidas Running,Women Sneakers & Athletic Shoes,$84.95
adidas Outdoor,Women Sneakers & Athletic Shoes,$129.95
adidas Running,Women Sneakers & Athletic Shoes,$84.95
adidas Running,Women Sneakers & Athletic Shoes,$64.95
Under Armour,Women Sneakers & Athletic Shoes,$119.95
Under Armour,Women Sneakers & Athletic Shoes,$69.95
adidas,Women Sneakers & Athletic Shoes,$139.95
adidas Running,Women Sneakers & Athletic Shoes,$69.95
Nike,Women Sneakers & Athletic Shoes,$120.00
adidas,Women Sneakers & Athletic Shoes,$119.95
adidas Running,Women Sneakers & Athletic Shoes,$179.95
adidas Running,Women Sneakers & Athletic Shoes,$179.95
adidas Running,Women Sneakers & Athletic Shoes,$69.95
adidas Running,Women Sneakers & Athletic Shoes,$69.95
adidas Running,Women Sneakers & Athletic Shoes,$70.00
adidas,Women Sneakers & Athletic Shoes,$64.95
adidas,Women Sneakers & Athletic Shoes,$79.95
adidas Running,Women Sneakers & Athletic Shoes,$179.95
adidas Running,Women Sneakers & Athletic Shoes,$179.95
Nike,Women Sneakers & Athletic Shoes,$64.95
Nike,Women Sneakers & Athletic Shoes,$64.95
Nike,Women Sneakers & Athletic Shoes,$64.95
Nike,Women Sneakers & Athletic Shoes,$64.95
Nike,Women Sneakers & Athletic Shoes,$120.00
Nike,Women Sneakers & Athletic Shoes,$125.00
Nike,Women Sneakers & Athletic Shoes,$64.95
Nike,Women Sneakers & Athletic Shoes,$54.95
Nike,Women Sneakers & Athletic Shoes,$119.95
adidas,Women Sneakers & Athletic Shoes,$65.00
Nike,Women Sneakers & Athletic Shoes,$64.95
Nike,Women Sneakers & Athletic Shoes,$65.00
Nike,Women Sneakers & Athletic Shoes,$65.00
Nike,Women Sneakers & Athletic Shoes,$65.00
Nike,Women Sneakers & Athletic Shoes,$84.95
Nike,Women Sneakers & Athletic Shoes,$64.95
Under Armour,Women Sneakers & Athletic Shoes,$70.00
Nike,Women Sneakers & Athletic Shoes,$90.00
adidas Running,Women Sneakers & Athletic Shoes,$69.95
adidas,Women Sneakers & Athletic Shoes,$44.95
Nike,Women Sneakers & Athletic Shoes,$129.95
Nike,Women Sneakers & Athletic Shoes,$65.00
Nike,Women Sneakers & Athletic Shoes,$59.95
Nike,Women Sneakers & Athletic Shoes,$65.00
Nike,Women Sneakers & Athletic Shoes,$65.00
Nike,Women Sneakers & Athletic Shoes,$59.95
Nike,Women Sneakers & Athletic Shoes,$120.00
Nike,Women Sneakers & Athletic Shoes,$84.95
adidas Running,Women Sneakers & Athletic Shoes,$179.95
adidas,Women Sneakers & Athletic Shoes,$64.95
adidas,Women Sneakers & Athletic Shoes,$120.00
Nike,Women Sneakers & Athletic Shoes,$64.95
Nike,Women Sneakers & Athletic Shoes,$54.95
Nike,Women Sneakers & Athletic Shoes,$85.00
adidas Running,Women Sneakers & Athletic Shoes,$85.00
Nike,Women Sneakers & Athletic Shoes,$55.00
Nike,Women Sneakers & Athletic Shoes,$64.95
Nike,Women Sneakers & Athletic Shoes,$65.00
Nike,Women Sneakers & Athletic Shoes,$75.00
Nike,Women Sneakers & Athletic Shoes,$64.95
Nike,Women Sneakers & Athletic Shoes,$64.95
adidas,Women Sneakers & Athletic Shoes,$149.95
adidas,Women Sneakers & Athletic Shoes,$85.00
Nike,Women Sneakers & Athletic Shoes,$114.95
Nike,Women Sneakers & Athletic Shoes,$89.95
adidas Running,Women Sneakers & Athletic Shoes,$89.95
Nike,Women Sneakers & Athletic Shoes,$70.00
Nike,Women Sneakers & Athletic Shoes,$65.00
Nike,Women Sneakers & Athletic Shoes,$69.95
adidas Running,Women Sneakers & Athletic Shoes,$70.00
adidas,Women Sneakers & Athletic Shoes,$95.00
Under Armour,Women Sneakers & Athletic Shoes,$90.00
adidas Running,Women Sneakers & Athletic Shoes,$84.95
adidas Running,Women Sneakers & Athletic Shoes,$64.95
adidas Running,Women Sneakers & Athletic Shoes,$84.95
adidas Running,Women Sneakers & Athletic Shoes,$179.95
Nike,Women Sneakers & Athletic Shoes,$60.00
Nike,Women Sneakers & Athletic Shoes,$75.00
adidas Running,Women Sneakers & Athletic Shoes,$84.95
Nike,Women Sneakers & Athletic Shoes,$84.95
Nike,Women Sneakers & Athletic Shoes,$64.95
adidas,Women Sneakers & Athletic Shoes,$84.95
Nike,Women Sneakers & Athletic Shoes,$70.00
adidas Running,Women Sneakers & Athletic Shoes,$70.00
Nike,Women Sneakers & Athletic Shoes,$59.95
Nike Golf,Women Sneakers & Athletic Shoes,$79.95
adidas Running,Women Sneakers & Athletic Shoes,$79.95
Nike,Women Sneakers & Athletic Shoes,$89.95
Nike,Women Sneakers & Athletic Shoes,$90.00
Nike,Women Sneakers & Athletic Shoes,$130.00
Nike,Women Sneakers & Athletic Shoes,$60.00
Nike,Women Sneakers & Athletic Shoes,$130.00
adidas Golf,Women Sneakers & Athletic Shoes,$100.00
Nike,Women Sneakers & Athletic Shoes,$79.95
Nike,Women Sneakers & Athletic Shoes,$139.95
Nike,Women Sneakers & Athletic Shoes,$75.00
Nike,Women Sneakers & Athletic Shoes,$75.00
adidas,Women Sneakers & Athletic Shoes,$220.00
adidas,Women Sneakers & Athletic Shoes,$89.95
Nike,Women Sneakers & Athletic Shoes,$150.00
Nike,Women Sneakers & Athletic Shoes,$65.00
Nike,Women Sneakers & Athletic Shoes,$75.00
Nike,Women Sneakers & Athletic Shoes,$120.00
Nike,Women Sneakers & Athletic Shoes,$90.00
adidas,Women Sneakers & Athletic Shoes,$84.95
Under Armour,Women Sneakers & Athletic Shoes,$70.00
adidas Running,Women Sneakers & Athletic Shoes,$99.95
Nike,Women Sneakers & Athletic Shoes,$129.95
Under Armour,Women Sneakers & Athletic Shoes,$69.95
Nike,Women Sneakers & Athletic Shoes,$119.95
Nike,Women Sneakers & Athletic Shoes,$99.95
Nike,Women Sneakers & Athletic Shoes,$90.00
Nike,Women Sneakers & Athletic Shoes,$75.00
Nike,Women Sneakers & Athletic Shoes,$65.00
adidas,Women Sneakers & Athletic Shoes,$85.00
adidas,Women Sneakers & Athletic Shoes,$90.00
Nike,Women Sneakers & Athletic Shoes,$139.95
Under Armour,Women Sneakers & Athletic Shoes,$109.95
adidas Running,Women Sneakers & Athletic Shoes,$179.95
Nike,Women Sneakers & Athletic Shoes,$64.95
Nike,Women Sneakers & Athletic Shoes,$89.95
adidas,Women Sneakers & Athletic Shoes,$65.00
adidas Running,Women Sneakers & Athletic Shoes,$120.00
Nike,Women Sneakers & Athletic Shoes,$74.95
adidas,Women Sneakers & Athletic Shoes,$120.00
adidas Outdoor,Women Sneakers & Athletic Shoes,$79.95
adidas Outdoor,Women Sneakers & Athletic Shoes,$99.95
adidas Running,Women Sneakers & Athletic Shoes,$189.95
Nike,Women Sneakers & Athletic Shoes,$64.95
adidas Running,Women Sneakers & Athletic Shoes,$84.95
Nike,Women Sneakers & Athletic Shoes,$99.95
Nike,Women Sneakers & Athletic Shoes,$64.95
Nike,Women Sneakers & Athletic Shoes,$130.00
Nike,Women Sneakers & Athletic Shoes,$59.95
Nike,Women Sneakers & Athletic Shoes,$75.00
Nike,Women Sneakers & Athletic Shoes,$60.00
Nike,Women Sneakers & Athletic Shoes,$120.00
Nike,Women Sneakers & Athletic Shoes,$120.00
adidas,Women Sneakers & Athletic Shoes,$130.00
Nike,Women Sneakers & Athletic Shoes,$120.00
Under Armour,Women Sneakers & Athletic Shoes,$59.95
Under Armour,Women Sneakers & Athletic Shoes,$59.95
Under Armour,Women Sneakers & Athletic Shoes,$59.95
Nike,Women Sneakers & Athletic Shoes,$64.95
Nike,Women Sneakers & Athletic Shoes,$130.00
adidas Running,Women Sneakers & Athletic Shoes,$159.95
Nike,Women Sneakers & Athletic Shoes,$84.95
Under Armour,Women Sneakers & Athletic Shoes,$84.95
Under Armour,Women Sneakers & Athletic Shoes,$109.95
Under Armour,Women Sneakers & Athletic Shoes,$79.95
Under Armour,Women Sneakers & Athletic Shoes,$119.95
Nike,Women Sneakers & Athletic Shoes,$65.00
adidas Running,Women Sneakers & Athletic Shoes,$99.95
adidas Running,Women Sneakers & Athletic Shoes,$65.00
Nike,Women Sneakers & Athletic Shoes,$70.00
Nike,Women Sneakers & Athletic Shoes,$120.00
adidas,Women Sneakers & Athletic Shoes,$140.00
Under Armour,Women Sneakers & Athletic Shoes,$69.95
Nike,Women Sneakers & Athletic Shoes,$149.95
Nike,Women Sneakers & Athletic Shoes,$130.00
Under Armour,Women Sneakers & Athletic Shoes,$69.95
Nike,Women Sneakers & Athletic Shoes,$89.95
Nike,Women Sneakers & Athletic Shoes,$60.00
adidas,Women Sneakers & Athletic Shoes,$109.95
Nike,Women Sneakers & Athletic Shoes,$150.00
adidas,Women Sneakers & Athletic Shoes,$65.00
adidas,Women Sneakers & Athletic Shoes,$109.95
adidas,Women Sneakers & Athletic Shoes,$100.00
Nike,Women Sneakers & Athletic Shoes,$64.95
Nike,Women Sneakers & Athletic Shoes,$120.00
Nike,Women Sneakers & Athletic Shoes,$79.95
Nike,Women Sneakers & Athletic Shoes,$89.95
Nike,Women Sneakers & Athletic Shoes,$90.00
Nike,Women Sneakers & Athletic Shoes,$74.95
Nike,Women Sneakers & Athletic Shoes,$130.00
adidas,Women Sneakers & Athletic Shoes,$80.00
Nike,Women Sneakers & Athletic Shoes,$80.00
Nike,Women Sneakers & Athletic Shoes,$149.95
adidas,Women Sneakers & Athletic Shoes,$80.00
Nike,Women Sneakers & Athletic Shoes,$64.95
Nike,Women Sneakers & Athletic Shoes,$80.00
adidas,Women Sneakers & Athletic Shoes,$109.95
Nike,Women Sneakers & Athletic Shoes,$59.95
adidas Outdoor,Women Sneakers & Athletic Shoes,$100.00
adidas Running,Women Sneakers & Athletic Shoes,$70.00
Nike,Women Sneakers & Athletic Shoes,$80.00
Nike,Women Sneakers & Athletic Shoes,$124.95
adidas Running,Women Sneakers & Athletic Shoes,$109.95
Nike,Women Sneakers & Athletic Shoes,$129.95
Nike,Women Sneakers & Athletic Shoes,$84.95
Nike,Women Sneakers & Athletic Shoes,$139.95
Nike,Women Sneakers & Athletic Shoes,$79.95
Nike,Women Sneakers & Athletic Shoes,$79.95
Nike,Women Sneakers & Athletic Shoes,$75.00
Nike,Women Sneakers & Athletic Shoes,$74.95
Nike,Women Sneakers & Athletic Shoes,$69.95
Nike,Women Sneakers & Athletic Shoes,$64.95
adidas,Women Sneakers & Athletic Shoes,$120.00
Nike,Women Sneakers & Athletic Shoes,$74.95
Nike,Women Sneakers & Athletic Shoes,$70.00
Nike,Women Sneakers & Athletic Shoes,$59.95
Nike,Women Sneakers & Athletic Shoes,$65.00
adidas,Women Sneakers & Athletic Shoes,$80.00
Nike,Women Sneakers & Athletic Shoes,$75.00
Nike,Women Sneakers & Athletic Shoes,$90.00
adidas,Women Sneakers & Athletic Shoes,$90.00
adidas,Women Sneakers & Athletic Shoes,$85.00
adidas,Women Sneakers & Athletic Shoes,$85.00
Nike,Women Sneakers & Athletic Shoes,$79.95
Under Armour,Women Sneakers & Athletic Shoes,$69.95
adidas Outdoor,Women Sneakers & Athletic Shoes,$99.95
Nike,Women Sneakers & Athletic Shoes,$160.00
adidas Running,Women Sneakers & Athletic Shoes,$100.00
Nike,Women Sneakers & Athletic Shoes,$70.00
adidas Running,Women Sneakers & Athletic Shoes,$160.00
Under Armour,Women Sneakers & Athletic Shoes,$79.95
Under Armour,Women Sneakers & Athletic Shoes,$89.95
adidas Running,Women Sneakers & Athletic Shoes,$64.95
Nike,Women Sneakers & Athletic Shoes,$74.95
Nike,Women Sneakers & Athletic Shoes,$99.95
adidas Golf,Women Sneakers & Athletic Shoes,$79.95
Nike,Women Sneakers & Athletic Shoes,$89.95
adidas Running,Women Sneakers & Athletic Shoes,$65.00
Under Armour,Women Sneakers & Athletic Shoes,$84.95
Nike,Women Sneakers & Athletic Shoes,$65.00
adidas,Women Sneakers & Athletic Shoes,$64.95
adidas,Women Sneakers & Athletic Shoes,$90.00
Under Armour,Women Sneakers & Athletic Shoes,$79.95
adidas,Women Sneakers & Athletic Shoes,$85.00
adidas,Women Sneakers & Athletic Shoes,$74.95
Nike,Women Sneakers & Athletic Shoes,$64.95
Nike,Women Sneakers & Athletic Shoes,$74.95
adidas Golf,Women Sneakers & Athletic Shoes,$80.00
adidas Running,Women Sneakers & Athletic Shoes,$109.95
adidas Golf,Women Sneakers & Athletic Shoes,$189.95
Nike,Women Sneakers & Athletic Shoes,$74.95
adidas Running,Women Sneakers & Athletic Shoes,$119.95
Under Armour,Women Sneakers & Athletic Shoes,$109.95
adidas Running,Women Sneakers & Athletic Shoes,$69.95
Nike,Women Sneakers & Athletic Shoes,$65.00
adidas Running,Women Sneakers & Athletic Shoes,$179.95
adidas Running,Women Sneakers & Athletic Shoes,$65.00
Nike,Women Sneakers & Athletic Shoes,$59.95
Under Armour,Women Sneakers & Athletic Shoes,$89.95
Under Armour,Women Sneakers & Athletic Shoes,$125.00
Nike,Women Sneakers & Athletic Shoes,$59.95
Nike,Women Sneakers & Athletic Shoes,$74.95
Nike,Women Sneakers & Athletic Shoes,$69.95
adidas Outdoor,Women Sneakers & Athletic Shoes,$139.95
adidas Running,Women Sneakers & Athletic Shoes,$140.00
adidas Golf,Women Sneakers & Athletic Shoes,$109.95
adidas Golf,Women Sneakers & Athletic Shoes,$84.95
Nike,Women Sneakers & Athletic Shoes,$130.00
Under Armour,Women Sneakers & Athletic Shoes,$84.95
adidas,Women Sneakers & Athletic Shoes,$129.95
Under Armour,Women Sneakers & Athletic Shoes,$75.00
Under Armour,Women Sneakers & Athletic Shoes,$109.95
Under Armour,Women Sneakers & Athletic Shoes,$59.95
Nike,Women Sneakers & Athletic Shoes,$144.95
Nike,Women Sneakers & Athletic Shoes,$69.95
adidas Outdoor,Women Sneakers & Athletic Shoes,$130.00
Nike,Women Sneakers & Athletic Shoes,$70.00
Nike,Women Sneakers & Athletic Shoes,$79.95
Nike,Women Sneakers & Athletic Shoes,$124.95
Nike,Women Sneakers & Athletic Shoes,$140.00
Nike,Women Sneakers & Athletic Shoes,$109.95
Nike,Women Sneakers & Athletic Shoes,$59.95
adidas Golf,Women Sneakers & Athletic Shoes,$189.95
adidas Golf,Women Sneakers & Athletic Shoes,$89.95
adidas Golf,Women Sneakers & Athletic Shoes,$129.95
Nike,Women Sneakers & Athletic Shoes,$64.95
adidas Running,Women Sneakers & Athletic Shoes,$110.00
adidas Running,Women Sneakers & Athletic Shoes,$179.95
Under Armour,Women Sneakers & Athletic Shoes,$119.95
adidas Running,Women Sneakers & Athletic Shoes,$65.00
adidas Running,Women Sneakers & Athletic Shoes,$100.00
adidas Golf,Women Sneakers & Athletic Shoes,$100.00
Under Armour,Women Sneakers & Athletic Shoes,$69.95
Nike,Women Sneakers & Athletic Shoes,$130.00
adidas,Women Sneakers & Athletic Shoes,$99.95
adidas Running,Women Sneakers & Athletic Shoes,$180.00
adidas Running,Women Sneakers & Athletic Shoes,$179.95
Nike,Women Sneakers & Athletic Shoes,$59.95
Nike,Women Sneakers & Athletic Shoes,$59.95
adidas Golf,Women Sneakers & Athletic Shoes,$129.95
adidas Running,Women Sneakers & Athletic Shoes,$120.00
Nike,Women Sneakers & Athletic Shoes,$79.95
Nike,Women Sneakers & Athletic Shoes,$65.00
adidas Golf,Women Sneakers & Athletic Shoes,$64.95
Nike,Women Sneakers & Athletic Shoes,$90.00
Nike,Women Sneakers & Athletic Shoes,$90.00
adidas Running,Women Sneakers & Athletic Shoes,$139.95
adidas,Women Sneakers & Athletic Shoes,$65.00
adidas Running,Women Sneakers & Athletic Shoes,$64.95
Nike,Women Sneakers & Athletic Shoes,$74.95
Nike,Women Sneakers & Athletic Shoes,$40.00
adidas Running,Women Sneakers & Athletic Shoes,$84.95
adidas Running,Women Sneakers & Athletic Shoes,$120.00
Nike,Women Sneakers & Athletic Shoes,$59.99
adidas Running,Women Sneakers & Athletic Shoes,$85.00
Nike,Women Sneakers & Athletic Shoes,$130.00
Nike,Women Sneakers & Athletic Shoes,$119.95
Nike Golf,Women Sneakers & Athletic Shoes,$79.95
Nike,Women Sneakers & Athletic Shoes,$75.00
Nike,Women Sneakers & Athletic Shoes,$130.00
Nike,Women Sneakers & Athletic Shoes,$75.00
Nike,Women Sneakers & Athletic Shoes,$75.00
adidas Running,Women Sneakers & Athletic Shoes,$70.00
Nike,Women Sneakers & Athletic Shoes,$79.95
Nike,Women Sneakers & Athletic Shoes,$129.95
Under Armour,Women Sneakers & Athletic Shoes,$125.00
Nike,Women Sneakers & Athletic Shoes,$65.00
adidas Running,Women Sneakers & Athletic Shoes,$180.00
adidas Running,Women Sneakers & Athletic Shoes,$85.00
Nike,Women Sneakers & Athletic Shoes,$59.95
adidas Running,Women Sneakers & Athletic Shoes,$179.95
Nike,Women Sneakers & Athletic Shoes,$99.95
adidas,Women Sneakers & Athletic Shoes,$79.95
Nike,Women Sneakers & Athletic Shoes,$69.95
adidas Golf,Women Sneakers & Athletic Shoes,$89.95
Nike,Women Sneakers & Athletic Shoes,$59.95
adidas Running,Women Sneakers & Athletic Shoes,$65.00
Nike,Women Sneakers & Athletic Shoes,$99.95
Nike,Women Sneakers & Athletic Shoes,$75.00
adidas,Women Sneakers & Athletic Shoes,$69.95
Nike,Women Sneakers & Athletic Shoes,$109.95
adidas Golf,Women Sneakers & Athletic Shoes,$89.95
Nike,Women Sneakers & Athletic Shoes,$79.95
Nike,Women Sneakers & Athletic Shoes,$100.00
Nike,Women Sneakers & Athletic Shoes,$89.95
Under Armour,Women Sneakers & Athletic Shoes,$80.00
adidas Golf,Women Sneakers & Athletic Shoes,$99.95
adidas,Women Sneakers & Athletic Shoes,$84.95
adidas Running,Women Sneakers & Athletic Shoes,$84.95
Nike,Women Sneakers & Athletic Shoes,$100.00
Nike Golf,Women Sneakers & Athletic Shoes,$129.95
Nike,Women Sneakers & Athletic Shoes,$64.95
adidas Running,Women Sneakers & Athletic Shoes,$70.00
Under Armour,Women Sneakers & Athletic Shoes,$69.95
adidas,Women Sneakers & Athletic Shoes,$130.00
Nike Golf,Women Sneakers & Athletic Shoes,$80.00
Nike,Women Sneakers & Athletic Shoes,$65.00
Nike,Women Sneakers & Athletic Shoes,$44.95
adidas,Women Sneakers & Athletic Shoes,$159.95
Nike,Women Sneakers & Athletic Shoes,$89.95
adidas Golf,Women Sneakers & Athletic Shoes,$79.95
Nike,Women Sneakers & Athletic Shoes,$130.00
Nike,Women Sneakers & Athletic Shoes,$69.95
adidas Golf,Women Sneakers & Athletic Shoes,$84.95
Nike,Women Sneakers & Athletic Shoes,$59.95
Nike,Women Sneakers & Athletic Shoes,$79.95
adidas Golf,Women Sneakers & Athletic Shoes,$64.95
adidas Running,Women Sneakers & Athletic Shoes,$179.95
adidas Running,Women Sneakers & Athletic Shoes,$65.00
Nike,Women Sneakers & Athletic Shoes,$90.00
adidas Running,Women Sneakers & Athletic Shoes,$179.95
Nike,Women Sneakers & Athletic Shoes,$64.95
Nike,Women Sneakers & Athletic Shoes,$119.95
adidas Outdoor,Women Sneakers & Athletic Shoes,$109.95
Under Armour,Women Sneakers & Athletic Shoes,$69.95
adidas,Women Sneakers & Athletic Shoes,$129.95
Nike,Women Sneakers & Athletic Shoes,$69.95
Nike,Women Sneakers & Athletic Shoes,$139.95
adidas Running,Women Sneakers & Athletic Shoes,$84.95
Under Armour,Women Sneakers & Athletic Shoes,$80.00
adidas Golf,Women Sneakers & Athletic Shoes,$130.00
Nike,Women Sneakers & Athletic Shoes,$99.95
adidas Golf,Women Sneakers & Athletic Shoes,$109.95
Nike Golf,Women Sneakers & Athletic Shoes,$129.95
adidas Running,Women Sneakers & Athletic Shoes,$89.95
Nike,Women Sneakers & Athletic Shoes,$79.95
Under Armour,Women Sneakers & Athletic Shoes,$109.95
Nike,Women Sneakers & Athletic Shoes,$80.00
Nike,Women Sneakers & Athletic Shoes,$90.00
adidas Running,Women Sneakers & Athletic Shoes,$180.00
adidas,Women Sneakers & Athletic Shoes,$90.00
adidas,Women Sneakers & Athletic Shoes,$159.95
Nike,Women Sneakers & Athletic Shoes,$99.95
adidas Outdoor,Women Sneakers & Athletic Shoes,$99.95
adidas Outdoor,Women Sneakers & Athletic Shoes,$149.95
Nike,Women Sneakers & Athletic Shoes,$60.00
Nike,Women Sneakers & Athletic Shoes,$69.95
Under Armour,Women Sneakers & Athletic Shoes,$79.95
Under Armour,Women Sneakers & Athletic Shoes,$119.95
adidas Golf,Women Sneakers & Athletic Shoes,$159.95
Nike,Women Sneakers & Athletic Shoes,$70.00
adidas Running,Women Sneakers & Athletic Shoes,$65.00
Under Armour,Women Sneakers & Athletic Shoes,$119.95
Nike,Women Sneakers & Athletic Shoes,$124.95
adidas Golf,Women Sneakers & Athletic Shoes,$109.95
Nike,Women Sneakers & Athletic Shoes,$130.00
Under Armour,Women Sneakers & Athletic Shoes,$69.95
Under Armour,Women Sneakers & Athletic Shoes,$79.95
adidas Golf,Women Sneakers & Athletic Shoes,$80.00
adidas,Women Sneakers & Athletic Shoes,$130.00
adidas,Women Sneakers & Athletic Shoes,$120.00
adidas,Women Sneakers & Athletic Shoes,$74.95
adidas Running,Women Sneakers & Athletic Shoes,$139.95
Nike,Women Sneakers & Athletic Shoes,$89.95
adidas Running,Women Sneakers & Athletic Shoes,$179.95
Under Armour,Women Sneakers & Athletic Shoes,$79.95
adidas,Women Sneakers & Athletic Shoes,$129.95
adidas,Women Sneakers & Athletic Shoes,$129.95
adidas,Women Sneakers & Athletic Shoes,$80.00
Under Armour,Women Sneakers & Athletic Shoes,$90.00
Nike,Women Sneakers & Athletic Shoes,$99.95
Nike,Women Sneakers & Athletic Shoes,$69.95
Nike,Women Sneakers & Athletic Shoes,$54.95
adidas,Women Sneakers & Athletic Shoes,$99.95
adidas Running,Women Sneakers & Athletic Shoes,$64.95
adidas Running,Women Sneakers & Athletic Shoes,$65.00
adidas Running,Women Sneakers & Athletic Shoes,$179.95
Nike,Women Sneakers & Athletic Shoes,$64.95
adidas Running,Women Sneakers & Athletic Shoes,$70.00
adidas,Women Sneakers & Athletic Shoes,$79.95
Nike,Women Sneakers & Athletic Shoes,$120.00
Nike,Women Sneakers & Athletic Shoes,$65.00
adidas,Women Sneakers & Athletic Shoes,$39.95
Nike,Women Sneakers & Athletic Shoes,$90.00
adidas Running,Women Sneakers & Athletic Shoes,$180.00
Nike,Women Sneakers & Athletic Shoes,$79.95
adidas Running,Women Sneakers & Athletic Shoes,$89.95
adidas Running,Women Sneakers & Athletic Shoes,$89.95
Nike,Women Sneakers & Athletic Shoes,$59.95
Nike,Women Sneakers & Athletic Shoes,$159.95
Nike,Women Sneakers & Athletic Shoes,$54.95
Under Armour,Women Sneakers & Athletic Shoes,$69.95
adidas Running,Women Sneakers & Athletic Shoes,$180.00
Nike,Women Sneakers & Athletic Shoes,$79.95
Nike Golf,Women Sneakers & Athletic Shoes,$79.95
Nike,Women Sneakers & Athletic Shoes,$74.95
adidas Running,Women Sneakers & Athletic Shoes,$179.95
Under Armour,Women Sneakers & Athletic Shoes,$70.00
Nike,Women Sneakers & Athletic Shoes,$79.95
adidas Running,Women Sneakers & Athletic Shoes,$80.00
Nike,Women Sneakers & Athletic Shoes,$64.95
adidas Running,Women Sneakers & Athletic Shoes,$89.95
adidas Running,Women Sneakers & Athletic Shoes,$79.92
Nike,Women Sneakers & Athletic Shoes,$130.00
Nike,Women Sneakers & Athletic Shoes,$124.95
Nike,Women Sneakers & Athletic Shoes,$115.00
Nike,Women Sneakers & Athletic Shoes,$79.95
Under Armour,Women Sneakers & Athletic Shoes,$70.00
Nike,Women Sneakers & Athletic Shoes,$65.00
Nike,Women Sneakers & Athletic Shoes,$89.95
adidas Running,Women Sneakers & Athletic Shoes,$89.95
adidas Running,Women Sneakers & Athletic Shoes,$65.00
Nike,Women Sneakers & Athletic Shoes,$90.00
Nike,Women Sneakers & Athletic Shoes,$65.00
Nike,Women Sneakers & Athletic Shoes,$75.00
adidas,Women Sneakers & Athletic Shoes,$79.95
adidas Running,Women Sneakers & Athletic Shoes,$90.00
Nike,Women Sneakers & Athletic Shoes,$54.95
Nike,Women Sneakers & Athletic Shoes,$80.00
adidas Running,Women Sneakers & Athletic Shoes,$65.00
Nike,Women Sneakers & Athletic Shoes,$79.95
Nike,Women Sneakers & Athletic Shoes,$114.95
Nike,Women Sneakers & Athletic Shoes,$129.95
Nike,Women Sneakers & Athletic Shoes,$120.00
adidas Running,Women Sneakers & Athletic Shoes,$179.95
adidas Golf,Women Sneakers & Athletic Shoes,$79.95
Nike,Women Sneakers & Athletic Shoes,$119.95
adidas Golf,Women Sneakers & Athletic Shoes,$99.95
Nike,Women Sneakers & Athletic Shoes,$64.95
adidas Running,Women Sneakers & Athletic Shoes,$69.95
adidas Running,Women Sneakers & Athletic Shoes,$179.95
Nike,Women Sneakers & Athletic Shoes,$160.00
Nike,Women Sneakers & Athletic Shoes,$159.95
Nike,Women Sneakers & Athletic Shoes,$69.95
Nike,Women Sneakers & Athletic Shoes,$60.00
Nike,Women Sneakers & Athletic Shoes,$60.00
adidas Running,Women Sneakers & Athletic Shoes,$69.95
Under Armour,Women Sneakers & Athletic Shoes,$74.95
adidas Running,Women Sneakers & Athletic Shoes,$85.00
Under Armour,Women Sneakers & Athletic Shoes,$69.95
adidas,Women Sneakers & Athletic Shoes,$129.95
Under Armour,Women Sneakers & Athletic Shoes,$69.95
Nike,Women Sneakers & Athletic Shoes,$60.00
adidas Running,Women Sneakers & Athletic Shoes,$179.95
adidas Golf,Women Sneakers & Athletic Shoes,$99.95
adidas Running,Women Sneakers & Athletic Shoes,$85.00
Nike Golf,Women Sneakers & Athletic Shoes,$80.00
adidas,Women Sneakers & Athletic Shoes,$39.95
Nike,Women Sneakers & Athletic Shoes,$64.95
Nike,Women Sneakers & Athletic Shoes,$124.95
Nike,Women Sneakers & Athletic Shoes,$54.95
Nike,Women Sneakers & Athletic Shoes,$160.00
adidas Running,Women Sneakers & Athletic Shoes,$119.95
Nike,Women Sneakers & Athletic Shoes,$59.95
Nike,Women Sneakers & Athletic Shoes,$69.95
Nike,Women Sneakers & Athletic Shoes,$119.95
adidas Running,Women Sneakers & Athletic Shoes,$179.95
Nike,Women Sneakers & Athletic Shoes,$120.00
adidas Running,Women Sneakers & Athletic Shoes,$64.95
adidas,Women Sneakers & Athletic Shoes,$84.95
adidas,Women Sneakers & Athletic Shoes,$74.95
Nike,Women Sneakers & Athletic Shoes,$139.95
adidas Running,Women Sneakers & Athletic Shoes,$179.95
adidas Running,Women Sneakers & Athletic Shoes,$179.95
Nike,Women Sneakers & Athletic Shoes,$90.00
Nike,Women Sneakers & Athletic Shoes,$64.95
Nike,Women Sneakers & Athletic Shoes,$120.00
adidas,Women Sneakers & Athletic Shoes,$69.95
Nike Golf,Women Sneakers & Athletic Shoes,$79.95
adidas Running,Women Sneakers & Athletic Shoes,$179.95
adidas Running,Women Sneakers & Athletic Shoes,$179.95
adidas,Women Sneakers & Athletic Shoes,$89.95
Nike,Women Sneakers & Athletic Shoes,$119.95
Nike,Women Sneakers & Athletic Shoes,$74.95
Under Armour,Women Sneakers & Athletic Shoes,$69.95
adidas Golf,Women Sneakers & Athletic Shoes,$64.95
adidas Running,Men Sneakers & Athletic Shoes,$179.95
Under Armour,Men Sneakers & Athletic Shoes,$89.95
Under Armour,Men Sneakers & Athletic Shoes,$69.95
Nike,Men Sneakers & Athletic Shoes,$74.95
Under Armour,Men Sneakers & Athletic Shoes,$119.95
Under Armour,Men Sneakers & Athletic Shoes,$69.95
Nike,Men Sneakers & Athletic Shoes,$129.95
Under Armour,Men Sneakers & Athletic Shoes,$79.95
adidas Running,Men Sneakers & Athletic Shoes,$179.95
adidas Running,Men Sneakers & Athletic Shoes,$64.95
Nike,Men Sneakers & Athletic Shoes,$65.00
Under Armour,Men Sneakers & Athletic Shoes,$69.95
adidas Running,Men Sneakers & Athletic Shoes,$179.95
adidas Running,Men Sneakers & Athletic Shoes,$84.95
adidas Running,Men Sneakers & Athletic Shoes,$179.95
adidas,Men Sneakers & Athletic Shoes,$119.95
adidas,Men Sneakers & Athletic Shoes,$79.95
adidas,Men Sneakers & Athletic Shoes,$44.95
adidas,Men Sneakers & Athletic Shoes,$44.95
Nike Golf,Men Sneakers & Athletic Shoes,$120.00
adidas,Men Sneakers & Athletic Shoes,$84.95
adidas Running,Men Sneakers & Athletic Shoes,$179.95
adidas Running,Men Sneakers & Athletic Shoes,$179.95
adidas Running,Men Sneakers & Athletic Shoes,$64.95
adidas Outdoor,Men Sneakers & Athletic Shoes,$179.95
adidas Running,Men Sneakers & Athletic Shoes,$99.95
adidas,Men Sneakers & Athletic Shoes,$99.95
adidas Running,Men Sneakers & Athletic Shoes,$179.95
adidas,Men Sneakers & Athletic Shoes,$84.95
adidas Running,Men Sneakers & Athletic Shoes,$139.95
adidas Running,Men Sneakers & Athletic Shoes,$64.95
adidas,Men Sneakers & Athletic Shoes,$79.95
Under Armour,Men Sneakers & Athletic Shoes,$69.95
Nike,Men Sneakers & Athletic Shoes,$65.00
Nike,Men Sneakers & Athletic Shoes,$120.00
Nike,Men Sneakers & Athletic Shoes,$65.00
Nike,Men Sneakers & Athletic Shoes,$64.95
Nike,Men Sneakers & Athletic Shoes,$64.99
Under Armour,Men Sneakers & Athletic Shoes,$69.95
Nike,Men Sneakers & Athletic Shoes,$74.95
Nike,Men Sneakers & Athletic Shoes,$64.95
Nike,Men Sneakers & Athletic Shoes,$65.00
Nike,Men Sneakers & Athletic Shoes,$74.95
Under Armour,Men Sneakers & Athletic Shoes,$50.00
Nike,Men Sneakers & Athletic Shoes,$74.95
adidas,Men Sneakers & Athletic Shoes,$70.00
Nike,Men Sneakers & Athletic Shoes,$74.95
Nike,Men Sneakers & Athletic Shoes,$84.95
Under Armour,Men Sneakers & Athletic Shoes,$69.95
Nike,Men Sneakers & Athletic Shoes,$64.95
Nike,Men Sneakers & Athletic Shoes,$120.00
Nike,Men Sneakers & Athletic Shoes,$65.00
Nike,Men Sneakers & Athletic Shoes,$64.95
Nike Golf,Men Sneakers & Athletic Shoes,$69.95
Nike,Men Sneakers & Athletic Shoes,$64.95
Under Armour,Men Sneakers & Athletic Shoes,$69.95
Nike,Men Sneakers & Athletic Shoes,$65.00
Nike,Men Sneakers & Athletic Shoes,$84.95
adidas,Men Sneakers & Athletic Shoes,$65.00
Under Armour,Men Sneakers & Athletic Shoes,$69.95
Under Armour,Men Sneakers & Athletic Shoes,$69.95
Nike,Men Sneakers & Athletic Shoes,$69.95
Nike,Men Sneakers & Athletic Shoes,$59.95
Nike,Men Sneakers & Athletic Shoes,$74.95
adidas,Men Sneakers & Athletic Shoes,$120.00
Nike,Men Sneakers & Athletic Shoes,$64.99
Nike Golf,Men Sneakers & Athletic Shoes,$69.95
Nike,Men Sneakers & Athletic Shoes,$55.00
Nike,Men Sneakers & Athletic Shoes,$59.95
Nike,Men Sneakers & Athletic Shoes,$65.00
Nike,Men Sneakers & Athletic Shoes,$159.95
Nike,Men Sneakers & Athletic Shoes,$70.00
Nike,Men Sneakers & Athletic Shoes,$120.00
Nike,Men Sneakers & Athletic Shoes,$74.95
Under Armour,Men Sneakers & Athletic Shoes,$75.00
Nike,Men Sneakers & Athletic Shoes,$70.00
Nike,Men Sneakers & Athletic Shoes,$74.95
Nike,Men Sneakers & Athletic Shoes,$60.00
Nike,Men Sneakers & Athletic Shoes,$89.95
Nike,Men Sneakers & Athletic Shoes,$129.95
adidas,Men Sneakers & Athletic Shoes,$64.95
Nike,Men Sneakers & Athletic Shoes,$159.95
adidas,Men Sneakers & Athletic Shoes,$70.00
adidas Golf,Men Sneakers & Athletic Shoes,$65.00
Nike,Men Sneakers & Athletic Shoes,$65.00
Under Armour,Men Sneakers & Athletic Shoes,$69.95
Nike,Men Sneakers & Athletic Shoes,$74.95
Nike,Men Sneakers & Athletic Shoes,$59.95
Nike,Men Sneakers & Athletic Shoes,$64.95
Nike,Men Sneakers & Athletic Shoes,$70.00
Nike,Men Sneakers & Athletic Shoes,$85.00
adidas,Men Sneakers & Athletic Shoes,$149.95
adidas Golf,Men Sneakers & Athletic Shoes,$65.00
Nike,Men Sneakers & Athletic Shoes,$120.00
Nike,Men Sneakers & Athletic Shoes,$100.00
adidas Running,Men Sneakers & Athletic Shoes,$180.00
Nike,Men Sneakers & Athletic Shoes,$90.00
Under Armour,Men Sneakers & Athletic Shoes,$89.95
Nike,Men Sneakers & Athletic Shoes,$69.95
adidas Running,Men Sneakers & Athletic Shoes,$79.95
Nike,Men Sneakers & Athletic Shoes,$80.00
adidas,Men Sneakers & Athletic Shoes,$39.95
adidas,Men Sneakers & Athletic Shoes,$109.95
adidas Running,Men Sneakers & Athletic Shoes,$70.00
adidas,Men Sneakers & Athletic Shoes,$80.00
Nike Golf,Men Sneakers & Athletic Shoes,$79.95
adidas,Men Sneakers & Athletic Shoes,$150.00
adidas Outdoor,Men Sneakers & Athletic Shoes,$114.95
Nike,Men Sneakers & Athletic Shoes,$100.00
adidas Running,Men Sneakers & Athletic Shoes,$109.95
adidas,Men Sneakers & Athletic Shoes,$54.55
adidas,Men Sneakers & Athletic Shoes,$199.95
Nike,Men Sneakers & Athletic Shoes,$99.95
Nike,Men Sneakers & Athletic Shoes,$139.95
Nike,Men Sneakers & Athletic Shoes,$139.95
Nike,Men Sneakers & Athletic Shoes,$69.95
adidas,Men Sneakers & Athletic Shoes,$120.00
adidas,Men Sneakers & Athletic Shoes,$160.00
Nike,Men Sneakers & Athletic Shoes,$70.00
Nike,Men Sneakers & Athletic Shoes,$41.95
adidas,Men Sneakers & Athletic Shoes,$80.00
adidas Outdoor,Men Sneakers & Athletic Shoes,$99.95
adidas,Men Sneakers & Athletic Shoes,$84.95
adidas,Men Sneakers & Athletic Shoes,$84.95
Under Armour,Men Sneakers & Athletic Shoes,$119.95
Nike,Men Sneakers & Athletic Shoes,$90.00
Nike,Men Sneakers & Athletic Shoes,$130.00
Nike,Men Sneakers & Athletic Shoes,$139.95
Nike,Men Sneakers & Athletic Shoes,$79.95
adidas Outdoor,Men Sneakers & Athletic Shoes,$119.95
Nike,Men Sneakers & Athletic Shoes,$49.95
adidas,Men Sneakers & Athletic Shoes,$160.00
adidas,Men Sneakers & Athletic Shoes,$160.00
adidas Outdoor,Men Sneakers & Athletic Shoes,$129.95
Nike,Men Sneakers & Athletic Shoes,$130.00
Under Armour,Men Sneakers & Athletic Shoes,$89.95
Nike,Men Sneakers & Athletic Shoes,$80.00
adidas,Men Sneakers & Athletic Shoes,$89.95
adidas,Men Sneakers & Athletic Shoes,$79.95
Nike,Men Sneakers & Athletic Shoes,$79.95
Nike,Men Sneakers & Athletic Shoes,$79.95
Nike,Men Sneakers & Athletic Shoes,$84.95
Under Armour,Men Sneakers & Athletic Shoes,$80.00
Nike,Men Sneakers & Athletic Shoes,$75.00
Nike,Men Sneakers & Athletic Shoes,$150.00
Nike,Men Sneakers & Athletic Shoes,$139.95
adidas Running,Men Sneakers & Athletic Shoes,$179.95
Nike,Men Sneakers & Athletic Shoes,$45.00
adidas,Men Sneakers & Athletic Shoes,$120.00
adidas,Men Sneakers & Athletic Shoes,$840.00
adidas Running,Men Sneakers & Athletic Shoes,$120.00
adidas Running,Men Sneakers & Athletic Shoes,$189.95
adidas Running,Men Sneakers & Athletic Shoes,$75.00
Under Armour,Men Sneakers & Athletic Shoes,$100.00
Nike,Men Sneakers & Athletic Shoes,$75.00
adidas,Men Sneakers & Athletic Shoes,$120.00
adidas,Men Sneakers & Athletic Shoes,$160.00
Nike,Men Sneakers & Athletic Shoes,$84.95
adidas Running,Men Sneakers & Athletic Shoes,$120.00
Nike,Men Sneakers & Athletic Shoes,$74.95
adidas Outdoor,Men Sneakers & Athletic Shoes,$70.00
adidas,Men Sneakers & Athletic Shoes,$160.00
adidas,Men Sneakers & Athletic Shoes,$79.95
Nike,Men Sneakers & Athletic Shoes,$94.95
Under Armour,Men Sneakers & Athletic Shoes,$119.95
Under Armour,Men Sneakers & Athletic Shoes,$119.95
Under Armour,Men Sneakers & Athletic Shoes,$109.95
adidas Running,Men Sneakers & Athletic Shoes,$99.95
adidas Running,Men Sneakers & Athletic Shoes,$65.00
Nike,Men Sneakers & Athletic Shoes,$85.00
Nike,Men Sneakers & Athletic Shoes,$99.95
adidas Running,Men Sneakers & Athletic Shoes,$179.95
adidas Golf,Men Sneakers & Athletic Shoes,$179.95
Nike,Men Sneakers & Athletic Shoes,$74.95
Nike Golf,Men Sneakers & Athletic Shoes,$159.95
adidas Running,Men Sneakers & Athletic Shoes,$179.95
Under Armour,Men Sneakers & Athletic Shoes,$59.95
Nike,Men Sneakers & Athletic Shoes,$59.95
Nike,Men Sneakers & Athletic Shoes,$65.00
adidas Running,Men Sneakers & Athletic Shoes,$189.95
Nike,Men Sneakers & Athletic Shoes,$54.95
Under Armour,Men Sneakers & Athletic Shoes,$59.95
Nike Golf,Men Sneakers & Athletic Shoes,$69.95
adidas Running,Men Sneakers & Athletic Shoes,$64.95
adidas,Men Sneakers & Athletic Shoes,$80.00
Nike,Men Sneakers & Athletic Shoes,$49.95
Nike,Men Sneakers & Athletic Shoes,$159.95
Nike,Men Sneakers & Athletic Shoes,$159.95
Nike,Men Sneakers & Athletic Shoes,$149.95
Nike,Men Sneakers & Athletic Shoes,$140.00
Under Armour,Men Sneakers & Athletic Shoes,$89.95
adidas Running,Men Sneakers & Athletic Shoes,$179.95
adidas Golf,Men Sneakers & Athletic Shoes,$179.95
Nike,Men Sneakers & Athletic Shoes,$41.95
adidas Running,Men Sneakers & Athletic Shoes,$189.95
Nike,Men Sneakers & Athletic Shoes,$89.95
adidas,Men Sneakers & Athletic Shoes,$59.95
Nike,Men Sneakers & Athletic Shoes,$65.00
Nike,Men Sneakers & Athletic Shoes,$149.95
Under Armour,Men Sneakers & Athletic Shoes,$119.95
Under Armour,Men Sneakers & Athletic Shoes,$119.95
adidas Outdoor,Men Sneakers & Athletic Shoes,$109.95
Nike,Men Sneakers & Athletic Shoes,$75.00
adidas Running,Men Sneakers & Athletic Shoes,$180.00
Nike,Men Sneakers & Athletic Shoes,$60.00
Nike,Men Sneakers & Athletic Shoes,$84.95
adidas,Men Sneakers & Athletic Shoes,$119.95
adidas,Men Sneakers & Athletic Shoes,$44.95
Nike,Men Sneakers & Athletic Shoes,$149.95
Nike,Men Sneakers & Athletic Shoes,$69.95
Nike,Men Sneakers & Athletic Shoes,$99.95
Nike,Men Sneakers & Athletic Shoes,$65.00
Under Armour,Men Sneakers & Athletic Shoes,$100.00
adidas,Men Sneakers & Athletic Shoes,$60.00
adidas,Men Sneakers & Athletic Shoes,$60.00
adidas Outdoor,Men Sneakers & Athletic Shoes,$179.95
Under Armour,Men Sneakers & Athletic Shoes,$119.95
adidas Outdoor,Men Sneakers & Athletic Shoes,$149.95
adidas,Men Sneakers & Athletic Shoes,$150.00
Nike,Men Sneakers & Athletic Shoes,$69.95
Under Armour,Men Sneakers & Athletic Shoes,$130.00
Under Armour,Men Sneakers & Athletic Shoes,$99.95
Nike,Men Sneakers & Athletic Shoes,$84.95
adidas Running,Men Sneakers & Athletic Shoes,$179.95
adidas,Men Sneakers & Athletic Shoes,$80.00
Nike,Men Sneakers & Athletic Shoes,$94.95
Nike,Men Sneakers & Athletic Shoes,$70.00
Nike,Men Sneakers & Athletic Shoes,$84.95
adidas,Men Sneakers & Athletic Shoes,$60.00
Nike,Men Sneakers & Athletic Shoes,$99.95
Nike,Men Sneakers & Athletic Shoes,$149.95
adidas,Men Sneakers & Athletic Shoes,$109.95
adidas Running,Men Sneakers & Athletic Shoes,$75.00
Nike,Men Sneakers & Athletic Shoes,$149.95
Under Armour,Men Sneakers & Athletic Shoes,$40.00
adidas Running,Men Sneakers & Athletic Shoes,$150.00
Nike,Men Sneakers & Athletic Shoes,$149.95
adidas,Men Sneakers & Athletic Shoes,$90.00
adidas,Men Sneakers & Athletic Shoes,$84.95
adidas,Men Sneakers & Athletic Shoes,$84.95
adidas Running,Men Sneakers & Athletic Shoes,$64.95
Nike,Men Sneakers & Athletic Shoes,$160.00
Nike,Men Sneakers & Athletic Shoes,$100.00
adidas,Men Sneakers & Athletic Shoes,$109.95
adidas,Men Sneakers & Athletic Shoes,$99.95
Under Armour,Men Sneakers & Athletic Shoes,$130.00
Under Armour,Men Sneakers & Athletic Shoes,$130.00
Nike,Men Sneakers & Athletic Shoes,$120.00
Nike,Men Sneakers & Athletic Shoes,$79.95
adidas Golf,Men Sneakers & Athletic Shoes,$129.95
adidas Outdoor,Men Sneakers & Athletic Shoes,$139.95
adidas Outdoor,Men Sneakers & Athletic Shoes,$139.95
Nike,Men Sneakers & Athletic Shoes,$89.99
Under Armour,Men Sneakers & Athletic Shoes,$59.95
Under Armour,Men Sneakers & Athletic Shoes,$99.95
adidas Running,Men Sneakers & Athletic Shoes,$64.95
adidas Running,Men Sneakers & Athletic Shoes,$65.00
Nike,Men Sneakers & Athletic Shoes,$130.00
adidas Running,Men Sneakers & Athletic Shoes,$120.00
Nike Golf,Men Sneakers & Athletic Shoes,$120.00
adidas Running,Men Sneakers & Athletic Shoes,$179.95
adidas Running,Men Sneakers & Athletic Shoes,$64.95
adidas,Men Sneakers & Athletic Shoes,$129.95
adidas Running,Men Sneakers & Athletic Shoes,$179.95
adidas Running,Men Sneakers & Athletic Shoes,$139.95
adidas Golf,Men Sneakers & Athletic Shoes,$129.95
adidas,Men Sneakers & Athletic Shoes,$59.95
Nike,Men Sneakers & Athletic Shoes,$59.95
adidas Running,Men Sneakers & Athletic Shoes,$180.00
adidas,Men Sneakers & Athletic Shoes,$99.95
Under Armour,Men Sneakers & Athletic Shoes,$39.95
Nike,Men Sneakers & Athletic Shoes,$119.95
Nike,Men Sneakers & Athletic Shoes,$99.95
Nike,Men Sneakers & Athletic Shoes,$120.00
Nike,Men Sneakers & Athletic Shoes,$100.00
adidas Running,Men Sneakers & Athletic Shoes,$140.00
adidas Golf,Men Sneakers & Athletic Shoes,$179.95
adidas Golf,Men Sneakers & Athletic Shoes,$179.95
Under Armour,Men Sneakers & Athletic Shoes,$60.00
Under Armour,Men Sneakers & Athletic Shoes,$60.00
Nike,Men Sneakers & Athletic Shoes,$90.00
adidas Outdoor,Men Sneakers & Athletic Shoes,$114.95
Nike Golf,Men Sneakers & Athletic Shoes,$59.95
adidas,Men Sneakers & Athletic Shoes,$59.95
Nike,Men Sneakers & Athletic Shoes,$89.95
Nike,Men Sneakers & Athletic Shoes,$74.95
Nike,Men Sneakers & Athletic Shoes,$139.95
Nike,Men Sneakers & Athletic Shoes,$39.95
Nike Golf,Men Sneakers & Athletic Shoes,$160.00
Nike,Men Sneakers & Athletic Shoes,$84.95
adidas,Men Sneakers & Athletic Shoes,$59.95
Nike,Men Sneakers & Athletic Shoes,$84.95
Nike,Men Sneakers & Athletic Shoes,$130.00
adidas Running,Men Sneakers & Athletic Shoes,$180.00
adidas Running,Men Sneakers & Athletic Shoes,$179.95
Nike,Men Sneakers & Athletic Shoes,$44.95
Under Armour,Men Sneakers & Athletic Shoes,$100.00
Nike,Men Sneakers & Athletic Shoes,$94.95
Nike,Men Sneakers & Athletic Shoes,$70.00
adidas Running,Men Sneakers & Athletic Shoes,$120.00
adidas,Men Sneakers & Athletic Shoes,$100.00
adidas Running,Men Sneakers & Athletic Shoes,$99.95
adidas,Men Sneakers & Athletic Shoes,$74.95
Nike Golf,Men Sneakers & Athletic Shoes,$59.95
Nike,Men Sneakers & Athletic Shoes,$65.00
Nike,Men Sneakers & Athletic Shoes,$159.95
Nike,Men Sneakers & Athletic Shoes,$159.95
Nike,Men Sneakers & Athletic Shoes,$59.95
Nike,Men Sneakers & Athletic Shoes,$84.95
adidas,Men Sneakers & Athletic Shoes,$79.95
adidas Running,Men Sneakers & Athletic Shoes,$109.95
adidas,Men Sneakers & Athletic Shoes,$44.95
adidas Running,Men Sneakers & Athletic Shoes,$179.95
Under Armour,Men Sneakers & Athletic Shoes,$119.95
adidas Golf,Men Sneakers & Athletic Shoes,$199.95
adidas Golf,Men Sneakers & Athletic Shoes,$129.95
Under Armour,Men Sneakers & Athletic Shoes,$100.00
Nike,Men Sneakers & Athletic Shoes,$70.00
adidas Running,Men Sneakers & Athletic Shoes,$179.95
Under Armour,Men Sneakers & Athletic Shoes,$60.00
adidas Running,Men Sneakers & Athletic Shoes,$180.00
adidas Outdoor,Men Sneakers & Athletic Shoes,$129.95
Under Armour,Men Sneakers & Athletic Shoes,$109.95
adidas Outdoor,Men Sneakers & Athletic Shoes,$109.95
adidas,Men Sneakers & Athletic Shoes,$45.00
adidas,Men Sneakers & Athletic Shoes,$79.95
adidas Running,Men Sneakers & Athletic Shoes,$65.00
adidas Running,Men Sneakers & Athletic Shoes,$64.95
Nike,Men Sneakers & Athletic Shoes,$149.95
adidas Running,Men Sneakers & Athletic Shoes,$179.95
adidas Golf,Men Sneakers & Athletic Shoes,$199.95
Nike,Men Sneakers & Athletic Shoes,$99.95
Under Armour,Men Sneakers & Athletic Shoes,$100.00
Nike,Men Sneakers & Athletic Shoes,$99.95
adidas Running,Men Sneakers & Athletic Shoes,$179.95
adidas Running,Men Sneakers & Athletic Shoes,$69.95
Nike,Men Sneakers & Athletic Shoes,$99.95
adidas Golf,Men Sneakers & Athletic Shoes,$179.95
adidas Outdoor,Men Sneakers & Athletic Shoes,$139.95
Under Armour,Men Sneakers & Athletic Shoes,$79.95
Nike,Men Sneakers & Athletic Shoes,$99.95
Under Armour,Men Sneakers & Athletic Shoes,$119.95
Under Armour,Men Sneakers & Athletic Shoes,$119.95
Nike,Men Sneakers & Athletic Shoes,$75.00
Nike,Men Sneakers & Athletic Shoes,$59.95
Nike Golf,Men Sneakers & Athletic Shoes,$119.95
adidas Running,Men Sneakers & Athletic Shoes,$100.00
adidas Running,Men Sneakers & Athletic Shoes,$100.00
Nike,Men Sneakers & Athletic Shoes,$64.95
Under Armour,Men Sneakers & Athletic Shoes,$45.00
Nike,Men Sneakers & Athletic Shoes,$64.95
Nike,Men Sneakers & Athletic Shoes,$70.00
adidas Running,Men Sneakers & Athletic Shoes,$65.00
Under Armour,Men Sneakers & Athletic Shoes,$79.95
adidas,Men Sneakers & Athletic Shoes,$119.95
Nike,Men Sneakers & Athletic Shoes,$130.00
Nike,Men Sneakers & Athletic Shoes,$200.00
adidas Running,Men Sneakers & Athletic Shoes,$179.95
adidas Golf,Men Sneakers & Athletic Shoes,$179.95
Nike,Men Sneakers & Athletic Shoes,$75.00
Under Armour,Men Sneakers & Athletic Shoes,$85.00
Nike,Men Sneakers & Athletic Shoes,$70.00
Under Armour,Men Sneakers & Athletic Shoes,$79.95
Nike,Men Sneakers & Athletic Shoes,$70.00
adidas Running,Men Sneakers & Athletic Shoes,$99.95
Nike,Men Sneakers & Athletic Shoes,$129.95
adidas,Men Sneakers & Athletic Shoes,$80.00
adidas Golf,Men Sneakers & Athletic Shoes,$129.95
Nike Golf,Men Sneakers & Athletic Shoes,$119.95
Nike,Men Sneakers & Athletic Shoes,$65.00
Nike,Men Sneakers & Athletic Shoes,$130.00
Nike,Men Sneakers & Athletic Shoes,$99.95
Nike Golf,Men Sneakers & Athletic Shoes,$79.95
Nike,Men Sneakers & Athletic Shoes,$79.95
adidas,Men Sneakers & Athletic Shoes,$80.00
adidas Outdoor,Men Sneakers & Athletic Shoes,$99.95
adidas Running,Men Sneakers & Athletic Shoes,$179.95
Nike,Men Sneakers & Athletic Shoes,$129.95
Under Armour,Men Sneakers & Athletic Shoes,$79.95
adidas Running,Men Sneakers & Athletic Shoes,$180.00
Nike,Men Sneakers & Athletic Shoes,$100.00
Nike,Men Sneakers & Athletic Shoes,$75.00
adidas Golf,Men Sneakers & Athletic Shoes,$99.95
Nike,Men Sneakers & Athletic Shoes,$44.95
Under Armour,Men Sneakers & Athletic Shoes,$100.00
Nike,Men Sneakers & Athletic Shoes,$70.00
Under Armour,Men Sneakers & Athletic Shoes,$69.95
adidas Outdoor,Men Sneakers & Athletic Shoes,$139.95
adidas Running,Men Sneakers & Athletic Shoes,$99.95
Nike,Men Sneakers & Athletic Shoes,$80.00
Nike,Men Sneakers & Athletic Shoes,$74.95
adidas Running,Men Sneakers & Athletic Shoes,$179.95
adidas Running,Men Sneakers & Athletic Shoes,$74.95
Nike,Men Sneakers & Athletic Shoes,$79.95
Under Armour,Men Sneakers & Athletic Shoes,$59.95
adidas Golf,Men Sneakers & Athletic Shoes,$99.95
adidas Golf,Men Sneakers & Athletic Shoes,$99.95
Under Armour,Men Sneakers & Athletic Shoes,$75.00
Nike,Men Sneakers & Athletic Shoes,$79.95
Nike,Men Sneakers & Athletic Shoes,$74.95
adidas Outdoor,Men Sneakers & Athletic Shoes,$119.95
Nike Golf,Men Sneakers & Athletic Shoes,$69.95
adidas Golf,Men Sneakers & Athletic Shoes,$179.95
Nike,Men Sneakers & Athletic Shoes,$90.00
Under Armour,Men Sneakers & Athletic Shoes,$69.95
Nike,Men Sneakers & Athletic Shoes,$69.95
Nike,Men Sneakers & Athletic Shoes,$99.95
Nike,Men Sneakers & Athletic Shoes,$69.95
adidas,Men Sneakers & Athletic Shoes,$84.95
adidas,Men Sneakers & Athletic Shoes,$99.95
Nike,Men Sneakers & Athletic Shoes,$59.95
adidas Running,Men Sneakers & Athletic Shoes,$89.95
adidas Golf,Men Sneakers & Athletic Shoes,$90.00
adidas Outdoor,Men Sneakers & Athletic Shoes,$159.95
adidas Running,Men Sneakers & Athletic Shoes,$160.00
adidas Golf,Men Sneakers & Athletic Shoes,$180.00
Under Armour,Men Sneakers & Athletic Shoes,$69.95
Nike,Men Sneakers & Athletic Shoes,$69.95
adidas,Men Sneakers & Athletic Shoes,$79.95
adidas Golf,Men Sneakers & Athletic Shoes,$129.95
adidas Running,Men Sneakers & Athletic Shoes,$179.95
Nike,Men Sneakers & Athletic Shoes,$130.00
Nike,Men Sneakers & Athletic Shoes,$59.95
Under Armour,Men Sneakers & Athletic Shoes,$75.00
adidas Running,Men Sneakers & Athletic Shoes,$90.00
Nike,Men Sneakers & Athletic Shoes,$79.95
Nike,Men Sneakers & Athletic Shoes,$130.00
adidas Running,Men Sneakers & Athletic Shoes,$190.00
Nike,Men Sneakers & Athletic Shoes,$139.95
Nike,Men Sneakers & Athletic Shoes,$129.95
Nike Golf,Men Sneakers & Athletic Shoes,$159.95
Under Armour,Men Sneakers & Athletic Shoes,$39.95
adidas Running,Men Sneakers & Athletic Shoes,$139.95
Nike,Men Sneakers & Athletic Shoes,$80.00
Nike,Men Sneakers & Athletic Shoes,$69.95
adidas,Men Sneakers & Athletic Shoes,$99.95
Nike,Men Sneakers & Athletic Shoes,$65.00
Nike,Men Sneakers & Athletic Shoes,$70.00
Under Armour,Men Sneakers & Athletic Shoes,$119.95
Under Armour,Men Sneakers & Athletic Shoes,$109.95
adidas Running,Men Sneakers & Athletic Shoes,$100.00
adidas,Men Sneakers & Athletic Shoes,$99.95
Nike,Men Sneakers & Athletic Shoes,$69.95
adidas Running,Men Sneakers & Athletic Shoes,$150.00
adidas Outdoor,Men Sneakers & Athletic Shoes,$139.95
adidas Running,Men Sneakers & Athletic Shoes,$120.00
adidas Running,Men Sneakers & Athletic Shoes,$179.95
adidas Running,Men Sneakers & Athletic Shoes,$100.00
Nike,Men Sneakers & Athletic Shoes,$75.00
adidas Running,Men Sneakers & Athletic Shoes,$190.00
adidas Running,Men Sneakers & Athletic Shoes,$190.00
Nike,Men Sneakers & Athletic Shoes,$89.95
Nike,Men Sneakers & Athletic Shoes,$74.95
Under Armour,Men Sneakers & Athletic Shoes,$109.95
Under Armour,Men Sneakers & Athletic Shoes,$109.95
adidas Running,Men Sneakers & Athletic Shoes,$64.95
adidas,Men Sneakers & Athletic Shoes,$74.95
adidas,Men Sneakers & Athletic Shoes,$79.95
Nike,Men Sneakers & Athletic Shoes,$75.00
adidas Golf,Men Sneakers & Athletic Shoes,$109.95
Nike,Men Sneakers & Athletic Shoes,$99.95
Nike,Men Sneakers & Athletic Shoes,$65.00
Under Armour,Men Sneakers & Athletic Shoes,$75.00
Nike,Men Sneakers & Athletic Shoes,$39.95
Nike,Men Sneakers & Athletic Shoes,$69.95
adidas Running,Men Sneakers & Athletic Shoes,$74.95
Under Armour,Men Sneakers & Athletic Shoes,$89.95
Under Armour,Men Sneakers & Athletic Shoes,$99.95
Under Armour,Men Sneakers & Athletic Shoes,$70.00
adidas Golf,Men Sneakers & Athletic Shoes,$65.00
Nike,Men Sneakers & Athletic Shoes,$64.95
adidas,Men Sneakers & Athletic Shoes,$59.95
adidas,Men Sneakers & Athletic Shoes,$149.95
Nike,Men Sneakers & Athletic Shoes,$59.95
Nike,Men Sneakers & Athletic Shoes,$140.00
Under Armour,Men Sneakers & Athletic Shoes,$44.95
Nike,Men Sneakers & Athletic Shoes,$90.00
Nike,Men Sneakers & Athletic Shoes,$129.95
Under Armour,Men Sneakers & Athletic Shoes,$80.00
Nike,Men Sneakers & Athletic Shoes,$90.00
adidas Golf,Men Sneakers & Athletic Shoes,$64.95
Nike Golf,Men Sneakers & Athletic Shoes,$80.00
Under Armour,Men Sneakers & Athletic Shoes,$89.95
Nike,Men Sneakers & Athletic Shoes,$64.95
Nike,Men Sneakers & Athletic Shoes,$89.95
Nike,Men Sneakers & Athletic Shoes,$89.95
Nike,Men Sneakers & Athletic Shoes,$39.95
Under Armour,Men Sneakers & Athletic Shoes,$60.00
adidas Running,Men Sneakers & Athletic Shoes,$179.95
Nike,Men Sneakers & Athletic Shoes,$94.95
adidas Golf,Men Sneakers & Athletic Shoes,$130.00
adidas Running,Men Sneakers & Athletic Shoes,$180.00
Nike,Men Sneakers & Athletic Shoes,$40.00
Under Armour,Men Sneakers & Athletic Shoes,$74.95
Nike,Men Sneakers & Athletic Shoes,$54.95
adidas Running,Men Sneakers & Athletic Shoes,$180.00
Nike,Men Sneakers & Athletic Shoes,$160.00
Nike,Men Sneakers & Athletic Shoes,$69.95
adidas Running,Men Sneakers & Athletic Shoes,$99.95
adidas Running,Men Sneakers & Athletic Shoes,$99.95
Nike,Men Sneakers & Athletic Shoes,$89.95
Nike,Men Sneakers & Athletic Shoes,$119.95
adidas Running,Men Sneakers & Athletic Shoes,$180.00
Nike,Men Sneakers & Athletic Shoes,$89.95
Under Armour,Men Sneakers & Athletic Shoes,$75.00
adidas Running,Men Sneakers & Athletic Shoes,$180.00
adidas Running,Men Sneakers & Athletic Shoes,$180.00
adidas,Men Sneakers & Athletic Shoes,$74.95
adidas Golf,Men Sneakers & Athletic Shoes,$129.95
adidas Running,Men Sneakers & Athletic Shoes,$179.95
Nike,Men Sneakers & Athletic Shoes,$59.95
Under Armour,Men Sneakers & Athletic Shoes,$90.00
adidas Running,Men Sneakers & Athletic Shoes,$180.00
adidas,Men Sneakers & Athletic Shoes,$45.00
Nike,Men Sneakers & Athletic Shoes,$69.95
adidas Running,Men Sneakers & Athletic Shoes,$179.95
Nike,Men Sneakers & Athletic Shoes,$130.00
Nike,Men Sneakers & Athletic Shoes,$99.95
Under Armour,Men Sneakers & Athletic Shoes,$79.95
adidas Running,Men Sneakers & Athletic Shoes,$74.95
adidas,Men Sneakers & Athletic Shoes,$69.95
adidas,Men Sneakers & Athletic Shoes,$159.95
Under Armour,Men Sneakers & Athletic Shoes,$69.95
Nike,Men Sneakers & Athletic Shoes,$125.00
Under Armour,Men Sneakers & Athletic Shoes,$119.95
Nike,Men Sneakers & Athletic Shoes,$65.00
Nike,Men Sneakers & Athletic Shoes,$100.00
Nike,Men Sneakers & Athletic Shoes,$69.95
Under Armour,Men Sneakers & Athletic Shoes,$74.95
Nike,Men Sneakers & Athletic Shoes,$119.95
Under Armour,Men Sneakers & Athletic Shoes,$79.95
Nike,Men Sneakers & Athletic Shoes,$84.95
Nike,Men Sneakers & Athletic Shoes,$119.95
Nike,Men Sneakers & Athletic Shoes,$59.95
adidas,Men Sneakers & Athletic Shoes,$45.00
Nike,Men Sneakers & Athletic Shoes,$90.00
Under Armour,Men Sneakers & Athletic Shoes,$59.95
adidas Running,Men Sneakers & Athletic Shoes,$90.00
adidas Running,Men Sneakers & Athletic Shoes,$89.95
adidas Running,Men Sneakers & Athletic Shoes,$179.95
Nike,Men Sneakers & Athletic Shoes,$99.95
Under Armour,Men Sneakers & Athletic Shoes,$84.95
adidas Running,Men Sneakers & Athletic Shoes,$64.95
adidas Running,Men Sneakers & Athletic Shoes,$179.95
Nike,Men Sneakers & Athletic Shoes,$130.00
adidas Running,Men Sneakers & Athletic Shoes,$65.00
Nike,Men Sneakers & Athletic Shoes,$99.95
Nike,Men Sneakers & Athletic Shoes,$69.95
adidas Running,Men Sneakers & Athletic Shoes,$64.95
Nike,Men Sneakers & Athletic Shoes,$79.95
Under Armour,Men Sneakers & Athletic Shoes,$44.95
Nike Golf,Men Sneakers & Athletic Shoes,$119.95
adidas,Men Sneakers & Athletic Shoes,$69.95
adidas Running,Men Sneakers & Athletic Shoes,$120.00
adidas,Men Sneakers & Athletic Shoes,$119.95
adidas Golf,Men Sneakers & Athletic Shoes,$179.95
adidas Golf,Men Sneakers & Athletic Shoes,$109.95
Nike Golf,Men Sneakers & Athletic Shoes,$129.95
adidas Running,Men Sneakers & Athletic Shoes,$90.00
Nike,Men Sneakers & Athletic Shoes,$70.00
adidas Running,Men Sneakers & Athletic Shoes,$75.00
Under Armour,Men Sneakers & Athletic Shoes,$70.00
Nike,Men Sneakers & Athletic Shoes,$130.00
adidas,Men Sneakers & Athletic Shoes,$95.00
Nike,Men Sneakers & Athletic Shoes,$64.95
adidas,Men Sneakers & Athletic Shoes,$40.00
Nike,Men Sneakers & Athletic Shoes,$90.00
Nike,Men Sneakers & Athletic Shoes,$65.00
Nike,Men Sneakers & Athletic Shoes,$59.95
Nike Golf,Men Sneakers & Athletic Shoes,$80.00
Nike,Men Sneakers & Athletic Shoes,$129.95
Nike,Men Sneakers & Athletic Shoes,$65.00
Nike,Men Sneakers & Athletic Shoes,$119.95
Nike Golf,Men Sneakers & Athletic Shoes,$79.95
adidas Running,Men Sneakers & Athletic Shoes,$75.00
Nike,Men Sneakers & Athletic Shoes,$80.00
Under Armour,Men Sneakers & Athletic Shoes,$60.00
Nike,Men Sneakers & Athletic Shoes,$54.95
Nike,Men Sneakers & Athletic Shoes,$84.95
Nike,Men Sneakers & Athletic Shoes,$65.00
Nike,Men Sneakers & Athletic Shoes,$89.95
Nike,Men Sneakers & Athletic Shoes,$65.00
Nike,Men Sneakers & Athletic Shoes,$130.00
Under Armour,Men Sneakers & Athletic Shoes,$69.95
Nike,Men Sneakers & Athletic Shoes,$39.95
adidas,Men Sneakers & Athletic Shoes,$59.95
Nike,Men Sneakers & Athletic Shoes,$64.95
Nike,Men Sneakers & Athletic Shoes,$59.95
Nike,Men Sneakers & Athletic Shoes,$69.95
adidas Running,Men Sneakers & Athletic Shoes,$180.00
adidas Golf,Men Sneakers & Athletic Shoes,$64.95
Nike,Men Sneakers & Athletic Shoes,$84.95
Nike,Men Sneakers & Athletic Shoes,$75.00
Nike,Men Sneakers & Athletic Shoes,$64.95
Nike,Men Sneakers & Athletic Shoes,$59.95
Nike,Men Sneakers & Athletic Shoes,$64.95
Nike Golf,Men Sneakers & Athletic Shoes,$79.95
adidas Running,Men Sneakers & Athletic Shoes,$80.00
adidas,Men Sneakers & Athletic Shoes,$79.95
Nike,Men Sneakers & Athletic Shoes,$69.95
Nike,Men Sneakers & Athletic Shoes,$64.95
adidas Golf,Men Sneakers & Athletic Shoes,$179.95
Under Armour,Men Sneakers & Athletic Shoes,$50.00
Nike,Men Sneakers & Athletic Shoes,$130.00
Nike,Men Sneakers & Athletic Shoes,$74.95
adidas,Men Sneakers & Athletic Shoes,$95.00
Under Armour,Men Sneakers & Athletic Shoes,$69.95
Nike,Men Sneakers & Athletic Shoes,$139.95
Nike,Men Sneakers & Athletic Shoes,$69.95
Nike,Men Sneakers & Athletic Shoes,$69.95
adidas Running,Men Sneakers & Athletic Shoes,$79.95
Nike,Men Sneakers & Athletic Shoes,$89.95
adidas Golf,Men Sneakers & Athletic Shoes,$65.00
Nike,Men Sneakers & Athletic Shoes,$90.00
Nike,Men Sneakers & Athletic Shoes,$54.95
Nike,Men Sneakers & Athletic Shoes,$64.95
Nike,Men Sneakers & Athletic Shoes,$69.95
Nike,Men Sneakers & Athletic Shoes,$100.00
Nike,Men Sneakers & Athletic Shoes,$119.95
adidas Golf,Men Sneakers & Athletic Shoes,$179.95
Nike,Men Sneakers & Athletic Shoes,$100.00
Under Armour,Men Sneakers & Athletic Shoes,$70.00
Under Armour,Men Sneakers & Athletic Shoes,$49.95
Nike,Men Sneakers & Athletic Shoes,$89.95
Nike,Men Sneakers & Athletic Shoes,$84.95
Nike,Men Sneakers & Athletic Shoes,$74.95
Nike,Men Sneakers & Athletic Shoes,$139.95
adidas Running,Men Sneakers & Athletic Shoes,$179.95
Nike,Men Sneakers & Athletic Shoes,$64.95
Nike,Men Sneakers & Athletic Shoes,$129.95
adidas Running,Men Sneakers & Athletic Shoes,$74.95
Nike,Men Sneakers & Athletic Shoes,$74.95
adidas Running,Men Sneakers & Athletic Shoes,$180.00
Nike,Men Sneakers & Athletic Shoes,$64.99
adidas Running,Men Sneakers & Athletic Shoes,$90.00
Nike,Men Sneakers & Athletic Shoes,$54.95
Nike,Men Sneakers & Athletic Shoes,$119.95
Nike,Men Sneakers & Athletic Shoes,$129.95
Nike,Men Sneakers & Athletic Shoes,$74.95
Nike,Men Sneakers & Athletic Shoes,$129.95
Nike,Men Sneakers & Athletic Shoes,$89.95
adidas,Men Sneakers & Athletic Shoes,$79.95
Nike,Men Sneakers & Athletic Shoes,$75.00
adidas Running,Men Sneakers & Athletic Shoes,$179.95
Nike Golf,Men Sneakers & Athletic Shoes,$79.95
adidas Running,Men Sneakers & Athletic Shoes,$180.00
Under Armour,Men Sneakers & Athletic Shoes,$90.00
adidas Running,Men Sneakers & Athletic Shoes,$80.00
adidas,Men Sneakers & Athletic Shoes,$79.95
Nike,Men Sneakers & Athletic Shoes,$64.95
adidas Running,Men Sneakers & Athletic Shoes,$65.00
Under Armour,Men Sneakers & Athletic Shoes,$59.95
Nike,Men Sneakers & Athletic Shoes,$119.95
Nike,Men Sneakers & Athletic Shoes,$120.00
adidas,Men Sneakers & Athletic Shoes,$70.00
Nike,Men Sneakers & Athletic Shoes,$65.00
adidas Running,Men Sneakers & Athletic Shoes,$64.95
adidas Running,Men Sneakers & Athletic Shoes,$179.95
adidas Golf,Men Sneakers & Athletic Shoes,$89.95
adidas Golf,Women Activewear Shirts,$55.00
adidas Golf,Women Activewear Shirts,$55.00
Under Armour,Women Activewear Shirts,$25.00
adidas Golf,Women Activewear Shirts,$59.95
Nike,Women Activewear Shirts,$50.00
Nike,Women Activewear Shirts,$50.00
Nike,Women Activewear Shirts,$35.00
adidas Golf,Women Activewear Shirts,$59.95
Nike Golf,Women Activewear Shirts,$55.00
Nike Golf,Women Activewear Shirts,$65.00
Nike,Women Activewear Shirts,$25.00
adidas,Women Activewear Shirts,$29.95
Nike Golf,Women Activewear Shirts,$45.00
adidas,Women Activewear Shirts,$34.95
adidas,Women Activewear Shirts,$34.95
adidas,Women Activewear Shirts,$24.95
adidas Golf,Women Activewear Shirts,$54.95
Under Armour Golf,Women Activewear Shirts,$60.00
Under Armour,Women Activewear Shirts,$24.99
adidas Golf,Women Activewear Shirts,$59.95
Nike,Women Activewear Shirts,$35.00
Under Armour,Women Activewear Shirts,$25.00
adidas Golf,Women Activewear Shirts,$59.95
adidas,Women Activewear Shirts,$29.95
adidas Golf,Women Activewear Shirts,$54.95
Nike Golf,Women Activewear Shirts,$55.00
Nike Golf,Women Activewear Shirts,$55.00
Nike,Women Activewear Shirts,$50.00
adidas Golf,Women Activewear Shirts,$64.95
adidas Golf,Women Activewear Shirts,$60.00
adidas,Women Activewear Shirts,$44.95
adidas,Women Activewear Shirts,$29.95
adidas Golf,Women Activewear Shirts,$54.95
Under Armour Golf,Women Activewear Shirts,$60.00
Nike Golf,Women Activewear Shirts,$65.00
adidas Golf,Women Activewear Shirts,$60.00
Nike,Women Activewear Shirts,$35.00
Nike,Women Activewear Shirts,$55.00
adidas Golf,Women Activewear Shirts,$54.95
Under Armour Golf,Women Activewear Shirts,$60.00
adidas Golf,Women Activewear Shirts,$54.95
adidas Golf,Women Activewear Shirts,$54.95
adidas Golf,Women Activewear Shirts,$54.95
adidas Golf,Women Activewear Shirts,$54.95
adidas Golf,Women Activewear Shirts,$54.95
adidas Golf,Women Activewear Shirts,$64.95
adidas,Men Activewear Shirts,$24.95
Nike Golf,Men Activewear Shirts,$85.00
Nike Golf,Men Activewear Shirts,$65.00
Nike Golf,Men Activewear Shirts,$65.00
Nike Golf,Men Activewear Shirts,$65.00
Nike,Men Activewear Shirts,$65.00
Nike Golf,Men Activewear Shirts,$55.00
Nike,Men Activewear Shirts,$28.00
adidas Golf,Men Activewear Shirts,$65.00
Under Armour,Men Activewear Shirts,$24.95
Nike,Men Activewear Shirts,$25.00
Under Armour,Men Activewear Shirts,$24.99
adidas,Men Activewear Shirts,$30.00
adidas,Men Activewear Shirts,$24.95
adidas,Men Activewear Shirts,$25.00
Under Armour Golf,Men Activewear Shirts,$39.94
Under Armour Golf,Men Activewear Shirts,$55.00
Nike,Men Activewear Shirts,$28.00
Nike,Men Activewear Shirts,$25.00
Nike,Men Activewear Shirts,$35.00
Nike,Men Activewear Shirts,$50.00
Nike,Men Activewear Shirts,$50.00
Nike,Men Activewear Shirts,$50.00
adidas,Men Activewear Shirts,$29.95
adidas,Men Activewear Shirts,$29.95
Nike,Men Activewear Shirts,$35.00
Nike,Men Activewear Shirts,$25.00
Nike,Men Activewear Shirts,$25.00
adidas,Men Activewear Shirts,$34.95
Nike,Men Activewear Shirts,$25.00
Nike,Men Activewear Shirts,$25.00
Nike,Men Activewear Shirts,$25.00
Nike,Men Activewear Shirts,$25.00
adidas Golf,Men Activewear Shirts,$65.00
Nike,Men Activewear Shirts,$35.00
Under Armour Golf,Men Activewear Shirts,$54.95
Nike,Men Activewear Shirts,$55.00
Nike,Men Activewear Shirts,$55.00
Under Armour Golf,Men Activewear Shirts,$65.00
Under Armour Golf,Men Activewear Shirts,$65.00
Under Armour Golf,Men Activewear Shirts,$64.95
Under Armour Golf,Men Activewear Shirts,$65.00
Nike Golf,Men Activewear Shirts,$85.00
Nike,Men Activewear Shirts,$25.00
Under Armour Golf,Men Activewear Shirts,$45.00
adidas Golf,Men Activewear Shirts,$54.95
adidas,Men Activewear Shirts,$24.95
adidas Golf,Men Activewear Shirts,$79.95
adidas Golf,Men Activewear Shirts,$35.00
Nike,Men Activewear Shirts,$25.00
adidas Golf,Men Activewear Shirts,$54.95
adidas Golf,Men Activewear Shirts,$64.95
adidas Golf,Men Activewear Shirts,$54.95
adidas Golf,Men Activewear Shirts,$54.95
adidas Golf,Men Activewear Shirts,$34.99
adidas Golf,Men Activewear Shirts,$54.95
adidas Golf,Men Activewear Shirts,$54.95
adidas Golf,Men Activewear Shirts,$54.95
Nike,Men Activewear Shirts,$25.00
Under Armour,Men Activewear Shirts,$30.00
Under Armour Golf,Men Activewear Shirts,$75.00
Nike,Men Activewear Shirts,$25.00
adidas Golf,Women Shorts,$65.00
adidas,Women Shorts,$29.95
adidas,Women Shorts,$29.95
Under Armour,Women Shorts,$35.00
Under Armour,Women Shorts,$25.00
Under Armour,Women Shorts,$25.00
Under Armour,Women Shorts,$25.00
Nike,Women Shorts,$30.00
Nike,Women Shorts,$35.00
Nike,Women Shorts,$30.00
adidas Golf,Women Shorts,$64.95
Under Armour,Women Shorts,$30.00
adidas,Women Shorts,$24.95
Nike Golf,Women Shorts,$70.00
Nike,Women Shorts,$25.00
Under Armour,Women Shorts,$25.00
Under Armour,Women Shorts,$24.81
adidas Golf,Women Shorts,$65.00
adidas Golf,Women Shorts,$65.00
Under Armour,Women Shorts,$25.00
Nike,Women Shorts,$30.00
Nike,Women Shorts,$30.00
Nike,Women Shorts,$45.00
adidas Golf,Women Shorts,$69.95
Under Armour,Women Shorts,$25.00
Nike,Women Shorts,$35.00
Nike,Women Shorts,$40.00
Nike,Women Shorts,$35.00
Nike,Women Shorts,$50.00
Under Armour,Women Shorts,$25.00
adidas,Women Shorts,$29.95
Nike,Women Shorts,$25.00
Nike,Women Shorts,$30.00
Nike,Women Shorts,$40.00
Nike,Women Shorts,$35.00
Nike Golf,Women Shorts,$74.95
Under Armour,Women Shorts,$27.95
Under Armour,Women Shorts,$25.00
Under Armour Golf,Women Shorts,$74.95
adidas,Women Shorts,$24.95
adidas,Women Shorts,$24.95
Nike,Women Shorts,$40.00
adidas Golf,Women Shorts,$65.00
adidas,Women Shorts,$49.95
Nike,Women Shorts,$25.00
Nike,Women Shorts,$40.00
Nike,Women Shorts,$45.00
Nike,Women Shorts,$45.00
Nike,Women Shorts,$30.00
Under Armour,Women Shorts,$29.95
Under Armour,Women Shorts,$25.00
adidas Golf,Women Shorts,$69.95
Under Armour,Women Shorts,$25.00
adidas,Women Shorts,$24.95
Under Armour,Women Shorts,$59.95
Nike,Women Shorts,$30.00
adidas Golf,Women Shorts,$65.00
Under Armour,Women Shorts,$25.00
Nike,Women Shorts,$40.00
Under Armour,Women Shorts,$25.00
Nike,Women Shorts,$30.00
Nike,Women Shorts,$35.00
Nike,Women Shorts,$45.00
Nike,Women Shorts,$45.00
Nike,Women Shorts,$35.00
Under Armour,Women Shorts,$35.00
Under Armour,Women Shorts,$25.00
Under Armour,Women Shorts,$27.95
Under Armour,Women Shorts,$34.95
Under Armour,Women Shorts,$34.95
Under Armour,Women Shorts,$27.95
adidas,Women Shorts,$24.95
Nike,Women Shorts,$30.00
adidas,Women Shorts,$24.95
adidas,Women Shorts,$24.95
Nike Golf,Women Shorts,$74.95
Under Armour,Women Shorts,$24.95
Under Armour,Women Shorts,$25.00
Under Armour,Women Shorts,$24.95
Nike,Women Shorts,$30.00
adidas,Women Shorts,$24.95
adidas Golf,Women Shorts,$64.95
Under Armour Golf,Women Shorts,$74.95
adidas,Women Shorts,$24.95
Nike,Women Shorts,$40.00
adidas Golf,Women Shorts,$64.95
Nike,Women Shorts,$25.00
Nike,Women Shorts,$40.00
adidas,Women Shorts,$45.00
Under Armour,Women Shorts,$25.00
Under Armour,Women Shorts,$25.00
Under Armour,Women Shorts,$25.00
Under Armour,Women Shorts,$34.95
Under Armour Golf,Women Shorts,$74.95
adidas,Women Shorts,$24.95
adidas,Women Shorts,$24.95
Nike,Women Shorts,$30.00
Under Armour Golf,Men Shorts,$55.00
adidas,Men Shorts,$49.95
adidas Golf,Men Shorts,$64.99
adidas,Men Shorts,$34.95
adidas,Men Shorts,$34.95
adidas Golf,Men Shorts,$69.99
Nike,Men Shorts,$55.00
Nike,Men Shorts,$40.00
Nike,Men Shorts,$50.00
Nike,Men Shorts,$45.00
Nike,Men Shorts,$40.00
Nike,Men Shorts,$50.00
Nike,Men Shorts,$40.00
Nike,Men Shorts,$40.00
Nike,Men Shorts,$35.00
Nike,Men Shorts,$40.00
adidas Golf,Men Shorts,$69.99
adidas,Men Shorts,$34.95
adidas,Men Shorts,$29.95
Nike,Men Shorts,$55.00
Nike,Men Shorts,$40.00
Nike,Men Shorts,$35.00
Nike,Men Shorts,$35.00
Nike,Men Shorts,$60.00
Nike,Men Shorts,$45.00
Nike,Men Shorts,$60.00
Nike,Men Shorts,$80.00
Nike,Men Shorts,$55.00
Nike,Men Shorts,$55.00
Nike,Men Shorts,$25.00
Under Armour,Men Shorts,$30.00
Under Armour,Men Shorts,$30.00
adidas,Men Shorts,$49.95
Nike,Men Shorts,$30.00
adidas,Men Shorts,$24.95
adidas,Men Shorts,$29.95
adidas Golf,Men Shorts,$64.95
Nike,Men Shorts,$40.00
Nike,Men Shorts,$40.00
Nike,Men Shorts,$40.00
adidas,Men Shorts,$39.95
adidas,Men Shorts,$29.95
adidas,Men Shorts,$39.95
Nike,Men Shorts,$55.00
Nike Golf,Men Shorts,$65.00
Nike,Men Shorts,$40.00
Nike,Men Shorts,$40.00
Nike,Men Shorts,$70.00
Nike,Men Shorts,$70.00
Nike,Men Shorts,$70.00
Nike,Men Shorts,$55.00
Nike,Men Shorts,$40.00
Nike Golf,Men Shorts,$65.00
adidas Golf,Men Shorts,$64.95
Nike,Men Shorts,$25.00
Nike,Men Shorts,$45.00
Nike,Men Shorts,$60.00
adidas,Men Shorts,$44.95
adidas,Men Shorts,$24.95
Nike,Men Shorts,$55.00
adidas Golf,Men Shorts,$64.95
Nike,Men Shorts,$40.00
adidas Golf,Men Shorts,$64.99
adidas Golf,Men Shorts,$64.99
Nike,Men Shorts,$40.00
Nike,Men Shorts,$35.00
adidas,Men Shorts,$45.00
adidas Golf,Men Shorts,$64.95
adidas,Men Shorts,$34.95
adidas,Men Shorts,$24.95
Nike,Men Shorts,$55.00
Nike,Men Shorts,$40.00
adidas Golf,Men Shorts,$69.95
Nike,Men Shorts,$40.00
Nike,Men Shorts,$40.00
Nike,Men Shorts,$45.00
Nike,Men Shorts,$60.00
Nike,Men Shorts,$60.00
Under Armour,Men Shorts,$34.95
adidas Golf,Men Shorts,$79.99
Nike,Men Shorts,$30.00
Nike,Men Shorts,$35.00
Under Armour Golf,Men Shorts,$85.00
Under Armour,Men Shorts,$35.00
adidas,Men Shorts,$44.95
adidas,Men Shorts,$35.00
Under Armour,Men Shorts,$27.99
Under Armour,Men Shorts,$34.95
Nike,Men Shorts,$45.00
Nike,Men Shorts,$40.00
Nike,Men Shorts,$60.00
Nike,Men Shorts,$40.00
Nike,Men Shorts,$40.00
Nike,Men Shorts,$30.00
Nike Golf,Men Shorts,$70.00
Nike Golf,Men Shorts,$70.00
adidas,Men Shorts,$29.95
Nike,Men Shorts,$30.00
Nike,Men Shorts,$30.00
adidas Golf,Men Shorts,$64.99
adidas,Men Shorts,$25.00
Nike,Men Shorts,$40.00
Nike,Men Shorts,$30.00
Nike,Men Shorts,$70.00
Nike,Men Shorts,$45.00
Nike,Men Shorts,$40.00
Nike,Men Shorts,$35.00
Nike,Men Shorts,$30.00
Nike,Men Shorts,$45.00
Nike,Men Shorts,$30.00
Nike,Men Shorts,$50.00
Nike,Men Shorts,$35.00
Nike,Men Shorts,$45.00
Nike,Men Shorts,$30.00
adidas Golf,Men Shorts,$64.99
Nike,Men Shorts,$30.00
Nike,Men Shorts,$30.00
Nike,Men Shorts,$35.00
Nike,Men Shorts,$50.00
Nike,Men Shorts,$50.00
adidas,Men Shorts,$29.95
adidas,Men Shorts,$29.95
Under Armour,Men Shorts,$29.95
adidas,Men Shorts,$24.95
adidas Golf,Men Shorts,$64.99
adidas Golf,Men Shorts,$69.99
adidas Golf,Men Shorts,$64.99
Nike,Men Shorts,$40.00
Nike,Men Shorts,$35.00
Nike,Men Shorts,$35.00
Nike,Men Shorts,$30.00
Nike,Men Shorts,$40.00
adidas Golf,Men Shorts,$74.95
adidas,Men Shorts,$44.95
Nike,Men Shorts,$30.00
Nike,Men Shorts,$30.00
Nike,Men Shorts,$40.00
adidas Golf,Men Shorts,$69.99
Nike,Men Shorts,$40.00
Nike,Men Shorts,$55.00
Nike,Men Shorts,$45.00
Nike,Men Shorts,$35.00
adidas Golf,Men Shorts,$65.00
Nike,Men Shorts,$55.00
Nike,Men Shorts,$30.00
Nike,Men Shorts,$60.00
Nike,Men Shorts,$35.00
Nike,Men Shorts,$35.00
adidas,Men Shorts,$34.95
adidas,Men Shorts,$35.00
Nike,Men Shorts,$35.00
adidas Golf,Men Shorts,$69.99
Nike,Men Shorts,$35.00
Nike,Men Shorts,$30.00
Nike,Men Shorts,$40.00
Nike,Men Shorts,$35.00
Nike Golf,Men Shorts,$65.00
Nike,Men Shorts,$60.00
Nike,Men Shorts,$60.00
Nike,Men Shorts,$55.00
adidas,Men Shorts,$29.95
Nike,Men Shorts,$70.00
adidas Golf,Men Shorts,$64.99
adidas Golf,Men Shorts,$65.00
adidas Golf,Men Shorts,$79.99
adidas,Men Shorts,$29.95
Under Armour Golf,Men Shorts,$64.95
Under Armour,Men Shorts,$29.94
Nike,Men Shorts,$50.00
Nike,Men Shorts,$35.00
Nike,Men Shorts,$60.00
Nike,Men Shorts,$40.00
Nike,Men Shorts,$30.00
Nike,Men Shorts,$40.00
Nike,Men Shorts,$40.00
Nike,Men Shorts,$40.00
Nike,Men Shorts,$60.00
Nike,Men Shorts,$45.00
Nike,Men Shorts,$25.00
Nike,Men Shorts,$30.00
adidas Golf,Men Shorts,$64.99
Nike,Men Shorts,$25.00
Nike,Men Shorts,$25.00
Nike,Men Shorts,$40.00
Nike,Men Shorts,$40.00
Nike,Men Shorts,$45.00
Nike,Men Shorts,$55.00
adidas,Men Shorts,$29.95
Nike,Men Shorts,$30.00
Nike,Men Shorts,$35.00
Nike,Men Shorts,$45.00
adidas,Men Shorts,$39.95
Nike,Men Shorts,$35.00
Under Armour,Men Shorts,$30.00
Nike,Men Shorts,$55.00
Nike,Men Shorts,$45.00
Nike,Men Shorts,$50.00
Nike,Men Shorts,$50.00
Nike,Men Shorts,$50.00
Under Armour,Men Shorts,$40.00
Under Armour,Men Shorts,$44.95
Nike,Men Shorts,$30.00
adidas,Men Shorts,$29.95
Nike Golf,Men Shorts,$65.00
Nike,Men Shorts,$35.00
Nike,Men Shorts,$35.00
Nike,Men Shorts,$25.00
Nike,Men Shorts,$35.00
Under Armour,Men Shorts,$25.00
adidas,Men Shorts,$25.00
Under Armour,Men Shorts,$34.95
Nike Golf,Men Shorts,$65.00
Nike,Men Shorts,$30.00
Nike,Men Shorts,$30.00
adidas,Men Shorts,$39.95
Under Armour,Men Shorts,$45.00
Nike,Men Shorts,$55.00
Nike,Men Shorts,$25.00
Under Armour Golf,Men Shorts,$64.95
Nike,Men Shorts,$30.00
Nike,Men Shorts,$40.00
Nike,Men Shorts,$40.00
Nike,Men Shorts,$40.00
Nike,Men Shorts,$30.00
Nike,Men Shorts,$35.00
Nike,Men Shorts,$35.00
Nike,Men Shorts,$50.00
Under Armour Golf,Men Shorts,$54.95
Nike,Men Shorts,$55.00
Under Armour,Men Shorts,$44.95
adidas,Men Shorts,$24.95
Under Armour,Men Shorts,$34.95
Nike,Men Shorts,$50.00
Nike,Men Shorts,$35.00
adidas,Men Shorts,$39.95
Nike,Men Shorts,$30.00
Nike,Men Shorts,$35.00
adidas Golf,Men Shorts,$64.99
adidas Golf,Men Shorts,$64.99
adidas Golf,Men Shorts,$64.99
Nike,Men Shorts,$40.00
Nike Golf,Men Shorts,$65.00
Nike,Men Shorts,$35.00
Under Armour,Men Shorts,$34.95
Nike,Men Shorts,$30.00
Nike,Men Shorts,$35.00
Nike,Men Shorts,$50.00
adidas,Men Shorts,$29.95
Nike,Men Shorts,$45.00
Nike,Men Shorts,$50.00
Nike,Men Shorts,$35.00
Nike,Men Shorts,$30.00
Nike,Men Shorts,$35.00
adidas,Men Shorts,$44.95
Nike,Men Shorts,$35.00
Nike,Men Shorts,$35.00
Nike,Men Shorts,$30.00
Nike,Men Shorts,$30.00
Nike,Men Shorts,$35.00
Nike,Men Shorts,$35.00
Nike,Men Shorts,$35.00
Nike Golf,Men Shorts,$64.95
Nike,Men Shorts,$45.00
Nike,Men Shorts,$55.00
Under Armour,Men Shorts,$44.95
Under Armour,Men Shorts,$30.00
adidas,Men Shorts,$29.95
Under Armour,Men Shorts,$29.94
Under Armour,Men Shorts,$34.95
Under Armour,Men Shorts,$34.95
Nike,Men Shorts,$30.00
Nike,Men Shorts,$30.00
adidas,Men Shorts,$39.95
Nike,Men Shorts,$55.00
Nike,Men Shorts,$45.00
adidas Golf,Men Shorts,$64.99
Nike,Men Shorts,$50.00
Nike,Men Shorts,$30.00
Nike,Men Shorts,$35.00
Nike,Men Shorts,$55.00
Under Armour,Men Shorts,$30.00
Under Armour Golf,Men Shorts,$54.95
Under Armour,Men Shorts,$30.00
Under Armour,Men Shorts,$25.00
Under Armour Golf,Men Shorts,$64.95
Under Armour,Men Shorts,$34.95
Under Armour,Men Shorts,$29.95
Under Armour,Men Shorts,$29.95
Under Armour Golf,Men Shorts,$64.95
Under Armour,Men Shorts,$34.95
Under Armour,Men Shorts,$29.95
Nike Golf,Men Shorts,$65.00
Nike Golf,Men Shorts,$65.00
Nike Golf,Men Shorts,$65.00
Nike Golf,Men Shorts,$65.00
Nike Golf,Men Shorts,$65.00
Nike Golf,Men Shorts,$65.00
Nike Golf,Men Shorts,$65.00
Nike Golf,Men Shorts,$65.00
Nike Golf,Men Shorts,$65.00
Nike Golf,Men Shorts,$65.00
Nike Golf,Men Shorts,$65.00
Nike Golf,Men Shorts,$65.00
Nike Golf,Men Shorts,$65.00
Nike Golf,Men Shorts,$65.00
Nike Golf,Men Shorts,$65.00
Nike Golf,Men Shorts,$65.00
Nike Golf,Men Shorts,$65.00
Nike Golf,Men Shorts,$65.00
Nike Golf,Men Shorts,$65.00
adidas,Men Shorts,$44.95
adidas,Men Shorts,$39.95
adidas,Men Shorts,$29.95
Under Armour,Men Shorts,$34.95
adidas,Men Shorts,$29.95
adidas,Men Shorts,$29.95
Under Armour,Men Shorts,$29.99
Under Armour,Men Shorts,$34.95
Nike,Men Shorts,$25.00
Under Armour,Men Shorts,$29.99
Nike,Men Shorts,$30.00
adidas,Men Shorts,$29.95
Nike,Men Shorts,$35.00
Nike,Men Shorts,$45.00
Under Armour,Men Shorts,$35.00
Under Armour,Men Shorts,$35.00
Under Armour,Men Shorts,$29.99
Under Armour,Men Shorts,$24.95
Nike,Men Shorts,$50.00
Nike,Men Shorts,$45.00
Nike,Men Shorts,$25.00
Nike,Men Shorts,$25.00
adidas,Men Shorts,$29.95
Nike,Men Shorts,$35.00
Nike,Men Shorts,$45.00
Nike,Men Shorts,$25.00
Under Armour,Men Shorts,$29.95
Nike,Men Shorts,$35.00
Under Armour,Men Shorts,$30.00
Nike,Men Shorts,$30.00
Under Armour,Men Shorts,$30.00
Under Armour Golf,Men Shorts,$65.00
adidas,Men Shorts,$29.95
adidas,Men Shorts,$29.95
Nike,Men Shorts,$35.00
Nike Golf,Men Shorts,$64.95
Nike,Men Shorts,$35.00
Nike,Men Shorts,$45.00
Under Armour,Men Shorts,$24.95
Nike,Men Shorts,$35.00
Nike,Men Shorts,$50.00
adidas,Men Shorts,$24.95
Nike,Men Shorts,$25.00
Nike Golf,Men Shorts,$64.95
Nike,Men Shorts,$30.00
Nike,Men Shorts,$25.00
Under Armour,Men Shorts,$34.95
Nike,Men Shorts,$45.00
Nike,Men Shorts,$35.00
Nike,Men Shorts,$55.00
Nike,Men Shorts,$45.00
Under Armour,Men Shorts,$45.00
Nike,Men Shorts,$35.00
Nike,Men Shorts,$35.00
Nike,Men Shorts,$45.00
Nike,Men Shorts,$30.00
adidas,Men Shorts,$29.95
Nike,Men Shorts,$25.00
Nike,Men Shorts,$45.00
adidas Golf,Men Shorts,$64.99
Nike,Men Shorts,$35.00
Nike,Men Shorts,$35.00
Under Armour,Men Shorts,$30.00
Nike,Men Shorts,$55.00
adidas,Men Shorts,$30.00
Under Armour Golf,Men Shorts,$65.00
adidas,Men Shorts,$24.95
adidas,Men Shorts,$39.95
Nike Golf,Men Shorts,$65.00
Nike,Men Shorts,$55.00
Nike,Men Shorts,$45.00
Nike,Men Shorts,$35.00
Under Armour,Men Shorts,$30.00
Under Armour Golf,Men Shorts,$54.95
adidas,Men Shorts,$39.95
Under Armour,Women Shorts,$29.95
Under Armour,Women Shorts,$25.00
Under Armour,Women Shorts,$25.00
adidas,Women Shorts,$24.95
adidas,Women Shorts,$29.95
Nike,Women Shorts,$40.00
Nike,Women Shorts,$40.00
Nike,Women Shorts,$30.00
Nike,Women Shorts,$30.00
Nike,Women Shorts,$30.00
Nike,Women Shorts,$30.00
Nike,Women Shorts,$35.00
Nike,Women Shorts,$40.00
Nike,Women Shorts,$35.00
Nike,Women Shorts,$30.00
adidas,Women Shorts,$24.95
Nike,Women Shorts,$30.00
Nike,Women Shorts,$25.00
adidas,Women Shorts,$29.95
Nike,Women Shorts,$30.00
Nike,Women Shorts,$30.00
Under Armour,Women Shorts,$29.95
Under Armour,Women Shorts,$25.00
Nike,Women Shorts,$35.00
Nike,Women Shorts,$30.00
Nike,Women Shorts,$55.00
Nike,Women Shorts,$30.00
Nike,Women Shorts,$35.00
Nike,Women Shorts,$30.00
Nike,Women Shorts,$30.00
Nike,Women Shorts,$35.00
Nike,Women Shorts,$30.00
Nike,Women Shorts,$30.00
Nike,Women Shorts,$30.00
adidas,Women Shorts,$29.95
Nike,Women Shorts,$30.00
Nike,Women Shorts,$30.00
Under Armour,Women Shorts,$30.00
Nike Golf,Women Shorts,$70.00
Under Armour,Women Shorts,$35.00
Nike,Women Shorts,$55.00
adidas,Women Shorts,$34.95
Under Armour,Women Shorts,$25.00
Nike,Women Shorts,$25.00
Nike,Women Shorts,$30.00
Under Armour,Women Shorts,$29.95
Nike,Women Shorts,$30.00
adidas,Women Shorts,$29.95
adidas,Women Shorts,$29.95
Nike,Women Shorts,$30.00
Nike,Women Shorts,$30.00
adidas,Women Shorts,$24.95
Nike,Women Shorts,$45.00
Nike,Women Shorts,$40.00
Nike,Women Shorts,$40.00
Nike,Women Shorts,$30.00
Nike,Women Shorts,$30.00
Nike,Women Shorts,$35.00
Nike,Women Shorts,$40.00
Under Armour,Women Shorts,$25.00
Nike Golf,Women Shorts,$70.00
Under Armour,Women Shorts,$25.00
Under Armour,Women Shorts,$29.95
Nike Golf,Women Shorts,$70.00
adidas Golf,Women Shorts,$65.00
adidas,Women Shorts,$29.95
Nike,Women Shorts,$30.00
Nike,Women Shorts,$30.00
Nike,Women Shorts,$30.00
adidas,Women Shorts,$29.95
Under Armour,Women Shorts,$25.00
Nike,Women Shorts,$45.00
Nike,Women Shorts,$30.00
Nike,Women Shorts,$30.00
Nike,Women Shorts,$30.00
Nike,Women Shorts,$35.00
Nike,Women Shorts,$35.00
Under Armour,Women Shorts,$24.81
Under Armour,Women Shorts,$25.00
Nike,Women Shorts,$25.00
adidas,Women Shorts,$29.95
adidas Golf,Women Shorts,$65.00
Nike,Women Shorts,$50.00
Nike,Women Shorts,$25.00
Under Armour,Women Shorts,$25.00
Nike Golf,Women Shorts,$75.00
Nike,Women Shorts,$40.00
adidas,Women Shorts,$24.95
Under Armour,Women Shorts,$25.00
Nike,Women Shorts,$40.00
Nike,Women Shorts,$30.00
Under Armour,Women Shorts,$25.00
Nike,Women Shorts,$30.00
Nike,Women Shorts,$30.00
Under Armour,Women Shorts,$25.00
Nike,Women Shorts,$30.00
Nike,Women Shorts,$25.00
Under Armour Golf,Women Shorts,$69.95
Nike,Women Shorts,$35.00
Nike,Women Shorts,$30.00
Nike,Men Activewear Shirts,$25.00
Under Armour,Men Activewear Shirts,$24.94
Under Armour,Men Activewear Shirts,$24.99
Under Armour,Men Activewear Shirts,$25.00
Nike,Men Activewear Shirts,$35.00
adidas,Men Activewear Shirts,$30.00
Nike,Men Activewear Shirts,$25.00
Nike,Men Activewear Shirts,$25.00
Nike,Men Activewear Shirts,$35.00
adidas,Men Activewear Shirts,$30.00
Under Armour Golf,Men Activewear Shirts,$65.00
Nike,Men Activewear Shirts,$30.00
Under Armour,Men Activewear Shirts,$24.94
Nike Golf,Men Activewear Shirts,$64.95
Under Armour Golf,Men Activewear Shirts,$39.99
Under Armour Golf,Men Activewear Shirts,$55.00
Under Armour Golf,Men Activewear Shirts,$65.00
Nike,Men Activewear Shirts,$25.00
Under Armour Golf,Men Activewear Shirts,$54.95
adidas Golf,Men Activewear Shirts,$54.95
Nike,Men Activewear Shirts,$35.00
Nike Golf,Men Activewear Shirts,$65.00
Nike,Men Activewear Shirts,$40.00
Nike Golf,Men Activewear Shirts,$55.00
Nike Golf,Men Activewear Shirts,$55.00
Nike,Men Activewear Shirts,$50.00
Nike,Men Activewear Shirts,$50.00
Nike,Men Activewear Shirts,$40.00
Nike,Men Activewear Shirts,$40.00
Under Armour,Men Activewear Shirts,$27.94
Under Armour,Men Activewear Shirts,$24.95
Nike,Men Activewear Shirts,$25.00
Nike Golf,Men Activewear Shirts,$65.00
Nike,Men Activewear Shirts,$35.00
Nike,Men Activewear Shirts,$25.00
Nike,Men Activewear Shirts,$50.00
Under Armour Golf,Men Activewear Shirts,$39.94
Nike,Men Activewear Shirts,$28.00
adidas,Men Activewear Shirts,$44.95
Nike,Men Activewear Shirts,$25.00
Under Armour,Men Activewear Shirts,$40.00
Nike,Men Activewear Shirts,$65.00
adidas,Men Activewear Shirts,$29.95
Nike,Men Activewear Shirts,$25.00
Nike,Men Activewear Shirts,$80.00
Nike,Men Activewear Shirts,$35.00
Nike,Men Activewear Shirts,$45.00
Nike,Men Activewear Shirts,$45.00
Nike,Men Activewear Shirts,$45.00
adidas,Men Activewear Shirts,$29.95
adidas,Men Activewear Shirts,$29.95
adidas,Men Activewear Shirts,$24.95
Nike Golf,Men Activewear Shirts,$65.00
Nike,Men Activewear Shirts,$25.00
Nike,Men Activewear Shirts,$25.00
Nike,Men Activewear Shirts,$30.00
Nike,Men Activewear Shirts,$30.00
Nike,Men Activewear Shirts,$25.00
Under Armour,Men Activewear Shirts,$25.00
Under Armour,Men Activewear Shirts,$25.00
Nike Golf,Men Activewear Shirts,$55.00
Nike,Men Activewear Shirts,$50.00
adidas,Men Activewear Shirts,$30.00
Nike,Men Activewear Shirts,$25.00
Nike,Men Activewear Shirts,$25.00
Nike,Men Activewear Shirts,$25.00
Nike,Men Activewear Shirts,$25.00
Nike,Men Activewear Shirts,$30.00
Nike,Men Activewear Shirts,$25.00
Nike Golf,Men Activewear Shirts,$55.00
Nike Golf,Men Activewear Shirts,$75.00
Nike Golf,Men Activewear Shirts,$75.00
Under Armour Golf,Men Activewear Shirts,$54.95
adidas Golf,Men Activewear Shirts,$65.00
adidas Golf,Men Activewear Shirts,$54.95
Under Armour Golf,Men Activewear Shirts,$65.00
adidas Golf,Men Activewear Shirts,$54.95
Under Armour,Men Activewear Shirts,$30.00
Nike,Men Activewear Shirts,$25.00
Nike,Men Activewear Shirts,$40.00
Nike,Men Activewear Shirts,$40.00
Nike,Men Activewear Shirts,$40.00
Nike,Men Activewear Shirts,$40.00
Nike,Men Activewear Shirts,$35.00
adidas,Men Activewear Shirts,$35.00
Nike,Men Activewear Shirts,$50.00
Nike,Men Activewear Shirts,$25.00
Nike,Men Activewear Shirts,$35.00
Nike,Men Activewear Shirts,$35.00
Nike,Men Activewear Shirts,$25.00
adidas Golf,Men Activewear Shirts,$64.95
adidas,Men Activewear Shirts,$39.95
Under Armour,Men Activewear Shirts,$35.00
Nike,Men Activewear Shirts,$40.00
Nike,Men Activewear Shirts,$80.00
Nike,Men Activewear Shirts,$50.00
Nike,Men Activewear Shirts,$50.00
Under Armour,Men Activewear Shirts,$49.94
adidas,Men Activewear Shirts,$24.95
adidas,Men Activewear Shirts,$39.95
Nike Golf,Men Activewear Shirts,$65.00
Nike Golf,Men Activewear Shirts,$65.00
Nike,Men Activewear Shirts,$25.00
Nike,Men Activewear Shirts,$40.00
Nike,Men Activewear Shirts,$25.00
Nike,Men Activewear Shirts,$30.00
Nike,Men Activewear Shirts,$25.00
Nike,Men Activewear Shirts,$45.00
Nike,Men Activewear Shirts,$35.00
Under Armour,Men Activewear Shirts,$49.99
Nike,Men Activewear Shirts,$25.00
adidas,Men Activewear Shirts,$29.95
Nike,Men Activewear Shirts,$35.00
Nike Golf,Men Activewear Shirts,$55.00
Nike Golf,Men Activewear Shirts,$65.00
Nike,Men Activewear Shirts,$25.00
Nike,Men Activewear Shirts,$25.00
Under Armour,Men Activewear Shirts,$24.99
Nike,Men Activewear Shirts,$35.00
Nike,Men Activewear Shirts,$25.00
Under Armour Golf,Men Activewear Shirts,$55.00
Nike,Men Activewear Shirts,$25.00
Nike Golf,Men Activewear Shirts,$55.00
Nike,Men Activewear Shirts,$30.00
Under Armour Golf,Men Activewear Shirts,$65.00
Under Armour Golf,Men Activewear Shirts,$65.00
adidas Golf,Men Activewear Shirts,$54.95
Under Armour,Men Activewear Shirts,$25.00
Nike,Men Activewear Shirts,$25.00
Nike,Men Activewear Shirts,$40.00
Nike,Men Activewear Shirts,$35.00
Nike,Men Activewear Shirts,$35.00
Nike,Men Activewear Shirts,$25.00
Nike,Men Activewear Shirts,$35.00
Nike Golf,Men Activewear Shirts,$65.00
Nike,Men Activewear Shirts,$25.00
Nike,Men Activewear Shirts,$28.00
Nike Golf,Men Activewear Shirts,$85.00
Nike,Men Activewear Shirts,$25.00
adidas,Men Activewear Shirts,$44.95
Under Armour,Men Activewear Shirts,$49.99
Nike,Men Activewear Shirts,$25.00
Nike,Men Activewear Shirts,$25.00
Nike,Men Activewear Shirts,$25.00
Nike,Men Activewear Shirts,$25.00
Nike,Men Activewear Shirts,$40.00
Nike,Men Activewear Shirts,$45.00
adidas,Men Activewear Shirts,$29.95
adidas,Men Activewear Shirts,$24.95
adidas,Men Activewear Shirts,$24.95
adidas,Men Activewear Shirts,$39.95
adidas,Men Activewear Shirts,$24.95
adidas,Men Activewear Shirts,$24.95
Nike Golf,Men Activewear Shirts,$65.00
Nike Golf,Men Activewear Shirts,$55.00
Nike Golf,Men Activewear Shirts,$55.00
Nike Golf,Men Activewear Shirts,$65.00
Nike,Men Activewear Shirts,$50.00
Nike Golf,Men Activewear Shirts,$55.00
Nike Golf,Men Activewear Shirts,$55.00
Nike,Men Activewear Shirts,$35.00
Nike,Men Activewear Shirts,$35.00
Nike,Men Activewear Shirts,$35.00
Nike,Men Activewear Shirts,$25.00
Nike,Men Activewear Shirts,$25.00
adidas Golf,Men Activewear Shirts,$65.00
Nike,Men Activewear Shirts,$25.00
Under Armour,Men Activewear Shirts,$24.94
Nike,Men Activewear Shirts,$45.00
Nike,Men Activewear Shirts,$35.00
Nike Golf,Men Activewear Shirts,$55.00
Under Armour Golf,Men Activewear Shirts,$39.99
Nike Golf,Men Activewear Shirts,$55.00
Nike Golf,Men Activewear Shirts,$65.00
Nike,Men Activewear Shirts,$50.00
Nike Golf,Men Activewear Shirts,$55.00
Nike Golf,Men Activewear Shirts,$55.00
adidas,Men Activewear Shirts,$40.00
Nike,Men Activewear Shirts,$50.00
Nike Golf,Men Activewear Shirts,$85.00
Nike,Men Activewear Shirts,$25.00
Nike,Men Activewear Shirts,$28.00
adidas,Men Activewear Shirts,$44.95
Nike,Men Activewear Shirts,$30.00
adidas,Men Activewear Shirts,$29.95
adidas,Men Activewear Shirts,$29.95
Nike,Men Activewear Shirts,$25.00
adidas,Men Activewear Shirts,$29.95
Nike,Men Activewear Shirts,$40.00
Nike,Men Activewear Shirts,$45.00
Nike,Men Activewear Shirts,$50.00
Nike Golf,Men Activewear Shirts,$55.00
adidas,Men Activewear Shirts,$24.95
adidas,Men Activewear Shirts,$25.00
Nike Golf,Men Activewear Shirts,$65.00
adidas,Men Activewear Shirts,$29.95
Nike Golf,Men Activewear Shirts,$65.00
Under Armour,Men Activewear Shirts,$25.00
Nike,Men Activewear Shirts,$50.00
Nike,Men Activewear Shirts,$40.00
Under Armour Golf,Men Activewear Shirts,$65.00
Nike,Men Activewear Shirts,$25.00
Nike,Men Activewear Shirts,$25.00
Nike,Men Activewear Shirts,$25.00
Nike,Men Activewear Shirts,$25.00
Under Armour Golf,Men Activewear Shirts,$39.99
Nike,Men Activewear Shirts,$35.00
Under Armour,Men Activewear Shirts,$25.00
Under Armour,Men Activewear Shirts,$25.00
Nike,Men Activewear Shirts,$25.00
Nike,Men Activewear Shirts,$25.00
Nike,Men Activewear Shirts,$25.00
Under Armour Golf,Men Activewear Shirts,$64.95
Under Armour,Men Activewear Shirts,$25.00
Under Armour,Men Activewear Shirts,$25.00
Under Armour,Men Activewear Shirts,$25.00
Nike,Men Activewear Shirts,$35.00
Nike Golf,Men Activewear Shirts,$55.00
Nike Golf,Men Activewear Shirts,$55.00
Nike,Men Activewear Shirts,$28.00
Nike,Men Activewear Shirts,$30.00
Under Armour Golf,Men Activewear Shirts,$39.99
adidas,Men Activewear Shirts,$25.00
Under Armour Golf,Men Activewear Shirts,$65.00
Nike,Men Activewear Shirts,$25.00
Nike,Men Activewear Shirts,$25.00
Nike,Men Activewear Shirts,$25.00
Nike,Men Activewear Shirts,$25.00
Nike,Men Activewear Shirts,$40.00
Nike,Men Activewear Shirts,$40.00
Nike,Men Activewear Shirts,$40.00
Nike,Men Activewear Shirts,$40.00
Nike,Men Activewear Shirts,$25.00
adidas,Men Activewear Shirts,$24.95
Nike,Men Activewear Shirts,$25.00
Nike,Men Activewear Shirts,$35.00
Under Armour,Men Activewear Shirts,$24.99
Under Armour Golf,Men Activewear Shirts,$55.00
adidas Golf,Men Activewear Shirts,$64.95
Nike Golf,Men Activewear Shirts,$55.00
Nike,Men Activewear Shirts,$35.00
Under Armour Golf,Men Activewear Shirts,$39.99
Nike,Men Activewear Shirts,$40.00
Nike,Men Activewear Shirts,$40.00
Nike,Men Activewear Shirts,$25.00
Nike,Men Activewear Shirts,$25.00
Nike,Men Activewear Shirts,$25.00
Nike Golf,Men Activewear Shirts,$55.00
Nike,Men Activewear Shirts,$45.00
Nike,Men Activewear Shirts,$45.00
Under Armour Golf,Men Activewear Shirts,$65.00
Under Armour Golf,Men Activewear Shirts,$64.95
Under Armour Golf,Men Activewear Shirts,$55.00
Under Armour,Men Activewear Shirts,$30.00
Nike Golf,Men Activewear Shirts,$55.00
Under Armour,Men Activewear Shirts,$27.99
Nike,Men Activewear Shirts,$35.00
Nike,Men Activewear Shirts,$25.00
Nike,Men Activewear Shirts,$25.00
Nike,Men Activewear Shirts,$25.00
adidas,Men Activewear Shirts,$25.00
Under Armour,Men Activewear Shirts,$49.99
Nike Golf,Men Activewear Shirts,$55.00
Under Armour Golf,Men Activewear Shirts,$39.99
Nike,Men Activewear Shirts,$25.00
Nike,Men Activewear Shirts,$35.00
adidas,Men Activewear Shirts,$35.00
Nike,Men Activewear Shirts,$25.00
Nike,Men Activewear Shirts,$25.00
Under Armour Golf,Men Activewear Shirts,$65.00
adidas Golf,Men Activewear Shirts,$54.95
Under Armour,Men Activewear Shirts,$25.00
Nike,Men Activewear Shirts,$25.00
Nike,Men Activewear Shirts,$25.00
adidas,Men Activewear Shirts,$40.00
Nike Golf,Men Activewear Shirts,$65.00
Nike,Men Activewear Shirts,$28.00
Nike,Men Activewear Shirts,$25.00
Nike,Men Activewear Shirts,$25.00
Nike,Men Activewear Shirts,$40.00
Under Armour,Men Activewear Shirts,$25.00
Nike,Men Activewear Shirts,$25.00
Nike,Men Activewear Shirts,$25.00
Nike,Men Activewear Shirts,$25.00
Nike,Men Activewear Shirts,$25.00
Under Armour,Men Activewear Shirts,$35.00
Under Armour,Men Activewear Shirts,$49.99
adidas,Men Activewear Shirts,$39.95
adidas,Men Activewear Shirts,$24.95
adidas,Men Activewear Shirts,$24.95
Nike,Men Activewear Shirts,$28.00
Nike,Men Activewear Shirts,$25.00
Under Armour,Men Activewear Shirts,$24.94
adidas,Men Activewear Shirts,$35.00
Under Armour,Men Activewear Shirts,$25.00
Under Armour Golf,Men Activewear Shirts,$55.00
adidas Golf,Men Activewear Shirts,$54.95
Nike,Men Activewear Shirts,$25.00
Nike,Men Activewear Shirts,$25.00
Nike,Men Activewear Shirts,$25.00
Under Armour Golf,Men Activewear Shirts,$39.94
Nike Golf,Men Activewear Shirts,$65.00
Nike Golf,Men Activewear Shirts,$65.00
Under Armour,Men Activewear Shirts,$34.95
Under Armour Golf,Men Activewear Shirts,$39.94
adidas,Men Activewear Shirts,$44.95
Under Armour Golf,Men Activewear Shirts,$64.95
Under Armour Golf,Men Activewear Shirts,$64.95
Nike Golf,Men Activewear Shirts,$55.00
Nike Golf,Men Activewear Shirts,$65.00
adidas Golf,Men Activewear Shirts,$64.95
adidas Golf,Men Activewear Shirts,$64.95
Under Armour Golf,Men Activewear Shirts,$39.94
Under Armour Golf,Men Activewear Shirts,$39.94
adidas Golf,Men Activewear Shirts,$64.95
adidas Golf,Men Activewear Shirts,$64.95
adidas Golf,Men Activewear Shirts,$64.95
adidas,Men Activewear Shirts,$29.95
adidas,Men Activewear Shirts,$39.95
adidas,Men Activewear Shirts,$24.95
Nike Golf,Men Activewear Shirts,$30.00
Nike Golf,Men Activewear Shirts,$30.00
Nike Golf,Men Activewear Shirts,$30.00
Nike,Men Activewear Shirts,$60.00
Nike,Men Activewear Shirts,$60.00
Nike,Men Activewear Shirts,$60.00
Nike,Men Activewear Shirts,$60.00
Nike Golf,Men Activewear Shirts,$75.00
Nike Golf,Men Activewear Shirts,$75.00
Nike Golf,Men Activewear Shirts,$75.00
Nike Golf,Men Activewear Shirts,$65.00
Nike Golf,Men Activewear Shirts,$75.00
Nike Golf,Men Activewear Shirts,$30.00
Under Armour,Men Activewear Shirts,$39.95
Nike Golf,Men Activewear Shirts,$85.00
Nike Golf,Men Activewear Shirts,$65.00
adidas,Men Activewear Shirts,$24.95
Under Armour,Men Activewear Shirts,$25.00
Nike,Men Activewear Shirts,$25.00
Nike,Men Activewear Shirts,$25.00
Nike,Men Activewear Shirts,$25.00
Nike,Men Activewear Shirts,$25.00
Nike,Men Activewear Shirts,$25.00
Under Armour,Men Activewear Shirts,$25.00
Nike,Men Activewear Shirts,$25.00
Under Armour,Men Activewear Shirts,$25.00
Under Armour,Men Activewear Shirts,$25.00
Nike,Men Activewear Shirts,$25.00
Under Armour,Men Activewear Shirts,$25.00
Nike,Men Activewear Shirts,$25.00
Under Armour Golf,Men Activewear Shirts,$39.99
Under Armour,Men Activewear Shirts,$25.00
Nike,Men Activewear Shirts,$25.00
Nike,Men Activewear Shirts,$25.00
Under Armour,Men Activewear Shirts,$25.00
Nike,Men Activewear Shirts,$25.00
Nike,Men Activewear Shirts,$25.00
Under Armour Golf,Men Activewear Shirts,$39.99
Under Armour,Men Activewear Shirts,$25.00
Under Armour,Men Activewear Shirts,$25.00
Under Armour Golf,Men Activewear Shirts,$39.99
Under Armour,Men Activewear Shirts,$25.00
Under Armour,Men Activewear Shirts,$25.00
Under Armour,Men Activewear Shirts,$25.00
Nike,Men Activewear Shirts,$25.00
Nike,Men Activewear Shirts,$25.00
Nike,Men Activewear Shirts,$25.00
Under Armour Golf,Men Activewear Shirts,$39.94
Under Armour Golf,Men Activewear Shirts,$39.99
Nike,Men Activewear Shirts,$25.00
Nike,Men Activewear Shirts,$28.00
Under Armour Golf,Men Activewear Shirts,$55.00
Under Armour,Men Activewear Shirts,$25.00
Under Armour,Men Activewear Shirts,$25.00
Nike,Men Activewear Shirts,$25.00
Nike,Men Activewear Shirts,$25.00
Nike,Men Activewear Shirts,$25.00
Under Armour Golf,Men Activewear Shirts,$64.95
Under Armour,Men Activewear Shirts,$25.00
Under Armour,Men Activewear Shirts,$24.95
Under Armour,Men Activewear Shirts,$25.00
Under Armour Golf,Men Activewear Shirts,$39.99
Under Armour,Men Activewear Shirts,$25.00
Nike,Men Activewear Shirts,$25.00
Under Armour,Men Activewear Shirts,$25.00
Nike,Men Activewear Shirts,$25.00
Under Armour,Men Activewear Shirts,$25.00
Under Armour,Men Activewear Shirts,$27.94
Nike,Men Activewear Shirts,$25.00
Under Armour,Men Activewear Shirts,$24.99
Nike,Men Activewear Shirts,$25.00
Under Armour Golf,Men Activewear Shirts,$39.99
Under Armour Golf,Men Activewear Shirts,$39.99
Under Armour,Men Activewear Shirts,$35.00
Nike,Men Activewear Shirts,$35.00
Under Armour,Men Activewear Shirts,$24.94
Under Armour,Men Activewear Shirts,$40.00
Nike,Men Activewear Shirts,$28.00
Nike,Men Activewear Shirts,$25.00
Under Armour,Men Activewear Shirts,$40.00
adidas Golf,Women Activewear Shirts,$64.95
adidas Golf,Women Activewear Shirts,$64.95
adidas Golf,Women Activewear Shirts,$64.95
adidas Golf,Women Activewear Shirts,$59.95
adidas Golf,Women Activewear Shirts,$59.95
adidas Golf,Women Activewear Shirts,$59.95
adidas Golf,Women Activewear Shirts,$59.95
adidas,Women Activewear Shirts,$44.95
Under Armour,Women Activewear Shirts,$24.99
Nike,Women Activewear Shirts,$25.00
Under Armour,Women Activewear Shirts,$24.99
Under Armour,Women Activewear Shirts,$24.99
Nike,Women Activewear Shirts,$25.00
Nike,Women Activewear Shirts,$25.00
Nike,Women Activewear Shirts,$25.00
Under Armour,Women Activewear Shirts,$24.99
Under Armour,Women Activewear Shirts,$24.99
Nike,Women Activewear Shirts,$25.00
Nike,Women Activewear Shirts,$25.00
Under Armour,Women Activewear Shirts,$24.99
Under Armour,Women Activewear Shirts,$24.99
Under Armour,Women Activewear Shirts,$24.99
Nike,Women Activewear Shirts,$25.00
Under Armour,Women Activewear Shirts,$24.99
Nike,Women Activewear Shirts,$25.00
Under Armour,Women Activewear Shirts,$24.99
Nike,Women Activewear Shirts,$25.00
Nike,Women Activewear Shirts,$25.00
Under Armour,Women Activewear Shirts,$24.94
Nike,Women Activewear Shirts,$25.00
Under Armour,Women Activewear Shirts,$24.99
Nike,Women Activewear Shirts,$25.00
Under Armour,Women Activewear Shirts,$24.94
Nike Golf,Women Activewear Shirts,$55.00
Nike,Women Activewear Shirts,$25.00
Nike,Women Activewear Shirts,$25.00
Nike,Women Activewear Shirts,$35.00
Nike,Women Activewear Shirts,$50.00
Nike,Women Activewear Shirts,$25.00
Nike Golf,Women Activewear Shirts,$55.00
Under Armour Golf,Women Activewear Shirts,$60.00
Under Armour,Women Activewear Shirts,$25.00
Nike Golf,Women Activewear Shirts,$55.00
Nike,Women Activewear Shirts,$35.00
Nike Golf,Women Activewear Shirts,$55.00
adidas,Women Activewear Shirts,$29.95
adidas,Women Activewear Shirts,$29.95
adidas Golf,Women Activewear Shirts,$55.00
Nike Golf,Women Activewear Shirts,$55.00
Nike,Women Activewear Shirts,$35.00
Nike,Women Activewear Shirts,$25.00
Nike Golf,Women Activewear Shirts,$55.00
adidas,Women Activewear Shirts,$29.95
adidas,Women Activewear Shirts,$29.95
adidas,Women Activewear Shirts,$24.95
Nike Golf,Women Activewear Shirts,$55.00
adidas Golf,Women Activewear Shirts,$59.95
adidas,Women Activewear Shirts,$30.00
Nike,Women Activewear Shirts,$25.00
Nike,Women Activewear Shirts,$35.00
Nike Golf,Women Activewear Shirts,$55.00
adidas Golf,Women Activewear Shirts,$59.95
Nike,Women Activewear Shirts,$50.00
Nike,Women Activewear Shirts,$35.00
adidas Golf,Women Activewear Shirts,$59.95
Nike Golf,Women Activewear Shirts,$65.00
Nike Golf,Women Activewear Shirts,$65.00
adidas Golf,Women Activewear Shirts,$59.95
adidas Golf,Women Activewear Shirts,$60.00
adidas,Women Activewear Shirts,$29.95
adidas,Women Activewear Shirts,$29.95
adidas,Women Activewear Shirts,$29.95
adidas,Women Activewear Shirts,$24.95
Nike Golf,Women Activewear Shirts,$55.00
adidas Golf,Women Activewear Shirts,$59.95
adidas,Women Activewear Shirts,$23.00
adidas Golf,Women Activewear Shirts,$54.95
Nike,Women Activewear Shirts,$25.00
Nike Golf,Women Activewear Shirts,$65.00
adidas Golf,Women Activewear Shirts,$64.95
adidas Golf,Women Activewear Shirts,$59.95
adidas,Women Activewear Shirts,$29.95
adidas,Women Activewear Shirts,$29.95
adidas Golf,Women Activewear Shirts,$54.95
adidas Golf,Women Activewear Shirts,$55.00
Nike,Women Activewear Shirts,$35.00
Under Armour,Women Activewear Shirts,$24.94
Under Armour Golf,Women Activewear Shirts,$60.00
Nike Golf,Women Activewear Shirts,$55.00
Nike Golf,Women Activewear Shirts,$55.00
adidas,Women Activewear Shirts,$44.95
adidas,Women Activewear Shirts,$44.95
adidas,Women Activewear Shirts,$29.95
adidas,Women Activewear Shirts,$29.95
adidas,Women Activewear Shirts,$29.95
adidas,Women Activewear Shirts,$29.95
adidas,Women Activewear Shirts,$29.95
adidas,Women Activewear Shirts,$29.95
Nike,Women Activewear Shirts,$35.00
adidas,Women Activewear Shirts,$24.95
